"target_id","length","eff_length","est_counts","tpm","gene","gene_id","ccds_id"
"CCDS14829.1|Mm108|chr1",813,496.61,0,0,"Rpl7",19989,"CCDS14829.1"
"CCDS14904.1|Mm108|chr1",378,156.294,2,0.18129,"Rpl31",114641,"CCDS14904.1"
"CCDS15012.1|Mm108|chr1",525,216.873,2,0.13065,"Crygc",12966,"CCDS15012.1"
"CCDS15037.1|Mm108|chr1",816,499.61,13390,379.695,"Igfbp5",16011,"CCDS15037.1"
"CCDS15069.1|Mm108|chr1",528,219.805,17,1.09571,"Resp18",19711,"CCDS15069.1"
"CCDS15086.1|Mm108|chr1",2343,2025.71,77,0.538517,"Utp14b",195434,"CCDS15086.1"
"CCDS15127.1|Mm108|chr1",1680,1362.71,10.0551,0.104537,"Akp3",11648,"CCDS15127.1"
"CCDS15192.1|Mm108|chr1",1281,963.709,451,6.63004,"Stk25",59041,"CCDS15192.1"
"CCDS15354.1|Mm108|chr1",735,418.795,392,13.2608,"Pdc",20028,"CCDS15354.1"
"CCDS15361.1|Mm108|chr1",2187,1869.71,191,1.44725,"Trmt1l",98685,"CCDS15361.1"
"CCDS15444.1|Mm108|chr1",2277,1959.71,4,0.0289171,"Pou2f1",18986,"CCDS15444.1"
"CCDS15494.1|Mm108|chr1",3282,2964.71,63,0.301054,"Arhgap30",226652,"CCDS15494.1"
"CCDS15509.1|Mm108|chr1",1776,1458.71,794,7.71148,"Dcaf8",98193,"CCDS15509.1"
"CCDS15526.1|Mm108|chr1",933,616.55,0,0,"Olfr418",258645,"CCDS15526.1"
"CCDS15528.1|Mm108|chr1",1191,873.709,7,0.113506,"Cadm3",94332,"CCDS15528.1"
"CCDS15572.1|Mm108|chr1",1578,1260.71,7,0.0786627,"Acbd3",170760,"CCDS15572.1"
"CCDS15637.1|Mm108|chr1",3507,3189.71,0,0,"Lamb3",16780,"CCDS15637.1"
"CCDS15861.1|Mm108|chr2",1917,1599.71,0,0,"Odf2",18286,"CCDS15861.1"
"CCDS15878.1|Mm108|chr2",5280,4962.71,1,0.00285474,"Nup188",227699,"CCDS15878.1"
"CCDS15892.1|Mm108|chr2",870,553.61,16,0.409451,"BC005624",227707,"CCDS15892.1"
"CCDS15947.1|Mm108|chr2",1305,987.709,0,0,"Pbx3",18516,"CCDS15947.1"
"CCDS16002.1|Mm108|chr2",3195,2877.71,299,1.47201,"Rabgap1",227800,"CCDS16002.1"
"CCDS16013.1|Mm108|chr2",2046,1728.71,0,0,"Olfml2a",241327,"CCDS16013.1"
"CCDS16056.1|Mm108|chr2",6372,6054.71,0,0,"Baz2b",407823,"CCDS16056.1"
"CCDS16190.1|Mm108|chr2",2148,1830.71,142,1.09889,"Zdhhc5",228136,"CCDS16190.1"
"CCDS16414.2|Mm108|chr2",3093,2775.71,0,0,"Fnbp4",55935,"CCDS16414.2"
"CCDS16423.1|Mm108|chr2",1329,1011.71,468,6.55354,"Psmc3",19182,"CCDS16423.1"
"CCDS16481.1|Mm108|chr2",2124,1806.71,273,2.14072,"Caprin1",53872,"CCDS16481.1"
"CCDS16559.1|Mm108|chr2",4401,4083.71,0,0,"Fmn1",14260,"CCDS16559.1"
"CCDS16571.1|Mm108|chr2",1290,972.709,0,0,"Fam98b",68215,"CCDS16571.1"
"CCDS16593.1|Mm108|chr2",912,595.61,0,0,"Dnajc17",69408,"CCDS16593.1"
"CCDS16602.1|Mm108|chr2",4680,4362.71,8149,26.4627,"Ino80",68142,"CCDS16602.1"
"CCDS16648.1|Mm108|chr2",1320,1002.71,21734,307.079,"Mfap1a",67532,"CCDS16648.1"
"CCDS16709.1|Mm108|chr2",2076,1758.71,55.9921,0.451044,"Nphp1",53885,"CCDS16709.1"
"CCDS16771.1|Mm108|chr2",786,469.705,0,0,"Pcna",18538,"CCDS16771.1"
"CCDS16777.1|Mm108|chr2",2034,1716.71,343583,2835.44,"Chgb",12653,"CCDS16777.1"
"CCDS16788.1|Mm108|chr2",3528,3210.71,263,1.16049,"Plcb4",18798,"CCDS16788.1"
"CCDS16811.1|Mm108|chr2",1992,1674.71,86559,732.249,"Bfsp1",12075,"CCDS16811.1"
"CCDS16938.1|Mm108|chr2",675,358.795,40020,1580.22,"Chmp4b",75608,"CCDS16938.1"
"CCDS16982.1|Mm108|chr2",1692,1374.71,3,0.0309169,"Ctnnbl1",66642,"CCDS16982.1"
"CCDS16994.1|Mm108|chr2",972,654.709,1,0.021639,"Mafb",16658,"CCDS16994.1"
"CCDS17056.1|Mm108|chr2",483,210.797,6867,461.517,"Tnnc2",21925,"CCDS17056.1"
"CCDS17109.1|Mm108|chr2",783,466.705,2569,77.9843,"Dpm1",13480,"CCDS17109.1"
"CCDS17179.1|Mm108|chr2",1902,1584.71,0,0,"Ogfr",72075,"CCDS17179.1"
"CCDS17286.1|Mm108|chr3",1197,879.709,47,0.756911,"Sec62",69276,"CCDS17286.1"
"CCDS17338.1|Mm108|chr3",852,535.61,1505,39.8083,"Mgarp",67749,"CCDS17338.1"
"CCDS17346.1|Mm108|chr3",2742,2424.71,1488,8.69419,"Proser1",212127,"CCDS17346.1"
"CCDS17433.1|Mm108|chr3",1542,1224.71,90,1.04111,"Plrg1",53317,"CCDS17433.1"
"CCDS17442.2|Mm108|chr3",3246,2928.71,7,0.0338616,"Fam160a1",229488,"CCDS17442.2"
"CCDS17461.1|Mm108|chr3",5595,5277.71,8,0.0214749,"Nes",18008,"CCDS17461.1"
"CCDS17468.1|Mm108|chr3",1638,1320.71,1430,15.3396,"Cct3",12462,"CCDS17468.1"
"CCDS17510.1|Mm108|chr3",2184,1866.71,0,0,"Pbxip1",229534,"CCDS17510.1"
"CCDS17518.1|Mm108|chr3",1479,1161.71,0,0,"She",214547,"CCDS17518.1"
"CCDS17591.1|Mm108|chr3",1551,1233.71,1,0.0114835,"Rorc",19885,"CCDS17591.1"
"CCDS17596.1|Mm108|chr3",4230,3912.71,18,0.0651749,"Pogz",229584,"CCDS17596.1"
"CCDS17629.1|Mm108|chr3",2523,2205.71,28,0.179844,"Otud7b",229603,"CCDS17629.1"
"CCDS17683.1|Mm108|chr3",3072,2754.71,52569,270.358,"Atp1a1",11928,"CCDS17683.1"
"CCDS17714.1|Mm108|chr3",771,454.705,0,0,"Atp5pb",11950,"CCDS17714.1"
"CCDS17770.1|Mm108|chr3",1629,1311.71,0,0,"Prpf38b",66921,"CCDS17770.1"
"CCDS17809.1|Mm108|chr3",2277,1959.71,79,0.571112,"Dnttip2",99480,"CCDS17809.1"
"CCDS17955.1|Mm108|chr4",639,322.928,123,5.39617,"Rab2a",59021,"CCDS17955.1"
"CCDS18005.1|Mm108|chr4",1338,1020.71,54.9087,0.762123,"Pou3f2",18992,"CCDS18005.1"
"CCDS18049.1|Mm108|chr4",1194,876.709,32,0.517107,"Dnaja1",15502,"CCDS18049.1"
"CCDS18051.1|Mm108|chr4",1200,882.709,32,0.513592,"B4galt1",14595,"CCDS18051.1"
"CCDS18054.1|Mm108|chr4",3345,3027.71,4928,23.0591,"Nfx1",74164,"CCDS18054.1"
"CCDS18067.1|Mm108|chr4",1119,801.709,12,0.212056,"Cntfr",12804,"CCDS18067.1"
"CCDS18100.1|Mm108|chr4",855,538.61,2505.54,65.904,"Tpm2",22004,"CCDS18100.1"
"CCDS18256.1|Mm108|chr4",2721,2403.71,0,0,"Whrn",73750,"CCDS18256.1"
"CCDS18257.1|Mm108|chr4",2724,2406.71,0,0,"Whrn",73750,"CCDS18257.1"
"CCDS18513.1|Mm108|chr4",2322,2004.71,0,0,"Nasp",50927,"CCDS18513.1"
"CCDS18539.1|Mm108|chr4",1110,792.709,0,0,"B4galt2",53418,"CCDS18539.1"
"CCDS18579.1|Mm108|chr4",969,651.709,149,3.23905,"Ybx1",22608,"CCDS18579.1"
"CCDS18645.1|Mm108|chr4",2856,2538.71,0,0,"Thrap3",230753,"CCDS18645.1"
"CCDS18708.2|Mm108|chr4",1401,1083.71,1,0.0130729,"Tinagl1",94242,"CCDS18708.2"
"CCDS18742.1|Mm108|chr4",1494,1176.71,0,0,"Wasf2",242687,"CCDS18742.1"
"CCDS18759.1|Mm108|chr4",273,87.3387,1842,298.792,"Hmgn2",15331,"CCDS18759.1"
"CCDS18772.1|Mm108|chr4",450,190.455,38,2.82668,"Stmn1",16765,"CCDS18772.1"
"CCDS18873.1|Mm108|chr4",510,207.028,37305,2552.85,"Hspb7",29818,"CCDS18873.1"
"CCDS18963.1|Mm108|chr4",2940,2622.71,0.000337975,1.82566e-06,"Clstn1",65945,"CCDS18963.1"
"CCDS19030.1|Mm108|chr4",1023,705.709,0,0,"Gnb1",14688,"CCDS19030.1"
"CCDS19035.1|Mm108|chr4",2766,2448.71,2454,14.1979,"Mib2",76580,"CCDS19035.1"
"CCDS19070.1|Mm108|chr5",11340,11022.7,41,0.0526964,"Akap9",100986,"CCDS19070.1"
"CCDS19157.1|Mm108|chr5",5994,5676.71,0.0936955,0.000233834,"Otof",83762,"CCDS19157.1"
"CCDS19207.1|Mm108|chr5",2217,1899.71,57,0.425083,"Letm1",56384,"CCDS19207.1"
"CCDS19337.2|Mm108|chr5",9024,8706.71,0,0,"Fryl",72313,"CCDS19337.2"
"CCDS19372.1|Mm108|chr5",3249,2931.71,18248,88.182,"Rest",19712,"CCDS19372.1"
"CCDS19376.1|Mm108|chr5",2631,2313.71,0,0,"Epha5",13839,"CCDS19376.1"
"CCDS19460.2|Mm108|chr5",1263,945.709,2,0.0299611,"Hnrnpdl",50926,"CCDS19460.2"
"CCDS19475.1|Mm108|chr5",1965,1647.71,0.999711,0.00859567,"Arhgap24",231532,"CCDS19475.1"
"CCDS19483.1|Mm108|chr5",1953,1635.71,11123,96.3389,"Sparcl1",13602,"CCDS19483.1"
"CCDS19500.1|Mm108|chr5",2871,2553.71,1,0.00554772,"Brdt",114642,"CCDS19500.1"
"CCDS19539.1|Mm108|chr5",2517,2199.71,78492,505.529,"Tfip11",54723,"CCDS19539.1"
"CCDS19657.1|Mm108|chr5",2331,2013.71,0,0,"Kdm2b",30841,"CCDS19657.1"
"CCDS19694.1|Mm108|chr5",2838,2520.71,153,0.859913,"Sfswap",231769,"CCDS19694.1"
"CCDS19817.1|Mm108|chr5",2154,1836.71,13746,106.028,"Mad1l1",17120,"CCDS19817.1"
"CCDS19838.2|Mm108|chr5",3054,2736.71,523,2.70744,"Zfp316",54201,"CCDS19838.2"
"CCDS19881.1|Mm108|chr5",4062,3744.71,0,0,"Mtus2",77521,"CCDS19881.1"
"CCDS19897.1|Mm108|chr6",3288,2970.71,6,0.0286139,"Ppp1r9a",243725,"CCDS19897.1"
"CCDS19983.1|Mm108|chr6",1512,1194.71,96553,1144.96,"Podxl",27205,"CCDS19983.1"
"CCDS19986.1|Mm108|chr6",684,367.795,770225,29668.6,"Chchd3",66075,"CCDS19986.1"
"CCDS20000.1|Mm108|chr6",1878,1560.71,0,0,"Slc13a4",243755,"CCDS20000.1"
"CCDS20201.1|Mm108|chr6",423,174.595,3,0.243431,"Snca",20617,"CCDS20201.1"
"CCDS20530.2|Mm108|chr6",900,583.61,17,0.412678,"Tpi1",21991,"CCDS20530.2"
"CCDS20543.1|Mm108|chr6",5748,5430.71,62,0.161741,"Chd4",107932,"CCDS20543.1"
"CCDS20655.1|Mm108|chr6",1926,1608.71,217,1.91103,"Wbp11",60321,"CCDS20655.1"
"CCDS20684.1|Mm108|chr6",1005,687.709,14,0.288409,"Ldhb",16832,"CCDS20684.1"
"CCDS20721.1|Mm108|chr7",2256,1938.71,469,3.42725,"Cnot3",232791,"CCDS20721.1"
"CCDS20750.1|Mm108|chr7",4116,3798.71,9,0.0335654,"Ssc5d",269855,"CCDS20750.1"
"CCDS20783.1|Mm108|chr7",4716,4398.71,17,0.0547532,"Peg3",18616,"CCDS20783.1"
"CCDS20902.1|Mm108|chr7",1146,828.709,0,0,"Ckm",12715,"CCDS20902.1"
"CCDS20903.1|Mm108|chr7",2259,1941.71,106,0.773406,"Mark4",232944,"CCDS20903.1"
"CCDS20912.1|Mm108|chr7",936,619.55,6383,145.96,"Apoe",11816,"CCDS20912.1"
"CCDS20975.1|Mm108|chr7",2028,1710.71,15.7551,0.130476,"Zfp526",210172,"CCDS20975.1"
"CCDS20995.1|Mm108|chr7",2580,2262.71,0,0,"Hnrnpul1",232989,"CCDS20995.1"
"CCDS21036.1|Mm108|chr7",984,666.709,3063,65.0873,"Fbl",14113,"CCDS21036.1"
"CCDS21043.1|Mm108|chr7",1608,1290.71,0,0,"Paf1",54624,"CCDS21043.1"
"CCDS21147.1|Mm108|chr7",2793,2475.71,0,0,"Gpatch1",67471,"CCDS21147.1"
"CCDS21178.1|Mm108|chr7",1404,1086.71,1,0.0130368,"Siglece",83382,"CCDS21178.1"
"CCDS21216.1|Mm108|chr7",1581,1263.71,70,0.78476,"Nup62",18226,"CCDS21216.1"
"CCDS21240.1|Mm108|chr7",1347,1029.71,0,0,"Snrnp70",20637,"CCDS21240.1"
"CCDS21256.1|Mm108|chr7",2886,2568.71,0,0,"Rasip1",69903,"CCDS21256.1"
"CCDS21260.1|Mm108|chr7",978,660.709,0,0,"Dbp",13170,"CCDS21260.1"
"CCDS21464.1|Mm108|chr7",1635,1317.71,0,0,"Pak1",18479,"CCDS21464.1"
"CCDS21731.1|Mm108|chr7",1086,768.709,0,0,"Eif3f",66085,"CCDS21731.1"
"CCDS21744.1|Mm108|chr7",1758,1440.71,47,0.462176,"Swap70",20947,"CCDS21744.1"
"CCDS21760.1|Mm108|chr7",3300,2982.71,0,0,"Pde3b",18576,"CCDS21760.1"
"CCDS21845.1|Mm108|chr7",1095,777.709,1,0.0182167,"Aldoa",11674,"CCDS21845.1"
"CCDS21849.1|Mm108|chr7",1806,1488.71,1928,18.3478,"Hirip3",233876,"CCDS21849.1"
"CCDS21859.1|Mm108|chr7",1029,711.709,2529,50.3422,"Cd2bp2",70233,"CCDS21859.1"
"CCDS21883.1|Mm108|chr7",486,212.941,69,4.59066,"Vkorc1",27973,"CCDS21883.1"
"CCDS21886.1|Mm108|chr7",1557,1239.71,996,11.3822,"Fus",233908,"CCDS21886.1"
"CCDS21896.1|Mm108|chr7",546,236.601,14,0.838294,"Rgs10",67865,"CCDS21896.1"
"CCDS21904.1|Mm108|chr7",3441,3123.71,14,0.0634955,"Tacc2",57752,"CCDS21904.1"
"CCDS21909.1|Mm108|chr7",5841,5523.71,0,0,"Dmbt1",12945,"CCDS21909.1"
"CCDS21935.1|Mm108|chr7",951,634.55,3538,78.9911,"Bccip",66165,"CCDS21935.1"
"CCDS22021.1|Mm108|chr7",1962,1644.71,0,0,"Brsk2",75770,"CCDS22021.1"
"CCDS22112.1|Mm108|chr8",1695,1377.71,11,0.113115,"Grk1",24013,"CCDS22112.1"
"CCDS22210.2|Mm108|chr8",4011,3693.71,181,0.694227,"Adgra2",78560,"CCDS22210.2"
"CCDS22222.1|Mm108|chr8",891,574.61,12755,314.48,"Mak16",67920,"CCDS22222.1"
"CCDS22246.1|Mm108|chr8",891,574.61,293,7.22404,"Cldn23",71908,"CCDS22246.1"
"CCDS22310.1|Mm108|chr8",837,520.61,0,0,"Gpm6a",234267,"CCDS22310.1"
"CCDS22355.1|Mm108|chr8",1893,1575.71,10.1615,0.0913627,"Gatad2a",234366,"CCDS22355.1"
"CCDS22372.1|Mm108|chr8",1809,1491.71,0,0,"Ell",13716,"CCDS22372.1"
"CCDS22384.1|Mm108|chr8",654,337.795,916,38.4174,"Ccdc124",234388,"CCDS22384.1"
"CCDS22429.1|Mm108|chr8",1236,918.709,39253,605.314,"Pou4f2",18997,"CCDS22429.1"
"CCDS22430.1|Mm108|chr8",1167,849.709,1,0.0166731,"Rbmxl1",19656,"CCDS22430.1"
"CCDS22571.1|Mm108|chr8",2391,2073.71,6,0.0409911,"Cdh11",12552,"CCDS22571.1"
"CCDS22652.1|Mm108|chr8",3687,3369.71,11,0.0462473,"Dhx38",64340,"CCDS22652.1"
"CCDS22695.1|Mm108|chr8",1230,912.709,0,0,"1700030J22Rik",69528,"CCDS22695.1"
"CCDS22726.1|Mm108|chr8",378,156.294,9874,895.028,"Map1lc3b",67443,"CCDS22726.1"
"CCDS22733.1|Mm108|chr8",2988,2670.71,5,0.0265234,"Zfpm1",22761,"CCDS22733.1"
"CCDS22736.1|Mm108|chr8",2847,2529.71,107.883,0.60418,"Zc3h18",76014,"CCDS22736.1"
"CCDS22740.1|Mm108|chr8",714,397.795,0,0,"Rnf166",68718,"CCDS22740.1"
"CCDS22909.1|Mm108|chr9",4845,4527.71,6.93945,0.0217136,"Smarca4",20586,"CCDS22909.1"
"CCDS22919.1|Mm108|chr9",1848,1530.71,7,0.0647875,"Zfp653",319601,"CCDS22919.1"
"CCDS23121.1|Mm108|chr9",561,246.688,15,0.861448,"Ttc36",192653,"CCDS23121.1"
"CCDS23140.2|Mm108|chr9",4110,3792.71,0,0,"Sik3",70661,"CCDS23140.2"
"CCDS23148.1|Mm108|chr9",1338,1020.71,0,0,"Cadm1",54725,"CCDS23148.1"
"CCDS23228.1|Mm108|chr9",1353,1035.71,0,0,"Csk",12988,"CCDS23228.1"
"CCDS23232.1|Mm108|chr9",1917,1599.71,0,0,"Clk3",102414,"CCDS23232.1"
"CCDS23236.1|Mm108|chr9",2013,1695.71,10,0.0835477,"Stra6",20897,"CCDS23236.1"
"CCDS23283.1|Mm108|chr9",3393,3075.71,16301,75.0853,"Slc24a1",214111,"CCDS23283.1"
"CCDS23297.2|Mm108|chr9",4242,3924.71,264,0.952976,"Zfp609",214812,"CCDS23297.2"
"CCDS23328.1|Mm108|chr9",3894,3576.71,270,1.06946,"Cgnl1",68178,"CCDS23328.1"
"CCDS23335.1|Mm108|chr9",666,349.795,8,0.324013,"Rab27a",11891,"CCDS23335.1"
"CCDS23339.1|Mm108|chr9",1398,1080.71,44764,586.821,"Onecut1",15379,"CCDS23339.1"
"CCDS23343.1|Mm108|chr9",2004,1686.71,252615,2121.8,"Leo1",235497,"CCDS23343.1"
"CCDS23347.1|Mm108|chr9",1416,1098.71,104,1.34102,"Scg3",20255,"CCDS23347.1"
"CCDS23368.1|Mm108|chr9",3789,3471.71,10,0.0408077,"Myo6",17920,"CCDS23368.1"
"CCDS23451.1|Mm108|chr9",2094,1776.71,217435,1733.8,"Trf",22041,"CCDS23451.1"
"CCDS23480.1|Mm108|chr9",1587,1269.71,88,0.981893,"Parp3",235587,"CCDS23480.1"
"CCDS23507.1|Mm108|chr9",2961,2643.71,0,0,"Rbm6",19654,"CCDS23507.1"
"CCDS23815.1|Mm108|chr10",2283,1965.71,1,0.0072072,"Sec63",140740,"CCDS23815.1"
"CCDS23852.1|Mm108|chr10",1554,1236.71,0,0,"Hsf2",15500,"CCDS23852.1"
"CCDS23892.1|Mm108|chr10",2205,1887.71,100,0.7505,"Ddx50",94213,"CCDS23892.1"
"CCDS23911.1|Mm108|chr10",2517,2199.71,39,0.25118,"Ank3",11735,"CCDS23911.1"
"CCDS23920.1|Mm108|chr10",759,442.795,0,0,"Zwint",52696,"CCDS23920.1"
"CCDS23987.1|Mm108|chr10",3624,3306.71,3,0.0128532,"Polrmt",216151,"CCDS23987.1"
"CCDS24050.1|Mm108|chr10",1716,1398.71,0,0,"Apba3",57267,"CCDS24050.1"
"CCDS24078.1|Mm108|chr10",1989,1671.71,0,0,"Appl2",216190,"CCDS24078.1"
"CCDS24225.1|Mm108|chr10",1047,729.709,0,0,"Marchf9",216438,"CCDS24225.1"
"CCDS24234.1|Mm108|chr10",1209,891.709,2,0.0317755,"Dctn2",69654,"CCDS24234.1"
"CCDS24235.1|Mm108|chr10",3018,2700.71,13.1314,0.068884,"Mbd6",110962,"CCDS24235.1"
"CCDS24241.1|Mm108|chr10",3000,2682.71,63.6814,0.336298,"R3hdm2",71750,"CCDS24241.1"
"CCDS24278.1|Mm108|chr10",3300,2982.71,119,0.565225,"Smarcc2",68094,"CCDS24278.1"
"CCDS24297.1|Mm108|chr10",717,400.795,12,0.424175,"Cd63",12512,"CCDS24297.1"
"CCDS24468.1|Mm108|chr11",1068,750.709,1032.81,19.4911,"Otx1",18423,"CCDS24468.1"
"CCDS24469.1|Mm108|chr11",3621,3303.71,3,0.0128649,"Ehbp1",216565,"CCDS24469.1"
"CCDS24470.1|Mm108|chr11",597,280.928,0,0,"Tmem17",103765,"CCDS24470.1"
"CCDS24529.1|Mm108|chr11",2901,2583.71,0,0,"Stk10",20868,"CCDS24529.1"
"CCDS24557.1|Mm108|chr11",1758,1440.71,15,0.147503,"Slu7",193116,"CCDS24557.1"
"CCDS24585.1|Mm108|chr11",954,637.55,0,0,"Rack1",14694,"CCDS24585.1"
"CCDS24599.1|Mm108|chr11",939,622.55,0,0,"Olfr1394",258273,"CCDS24599.1"
"CCDS24629.1|Mm108|chr11",1329,1011.71,11141.8,156.022,"Sqstm1",18412,"CCDS24629.1"
"CCDS24633.1|Mm108|chr11",1776,1458.71,0,0,"Canx",12330,"CCDS24633.1"
"CCDS24705.1|Mm108|chr11",2022,1704.71,0,0,"Anxa6",11749,"CCDS24705.1"
"CCDS24795.1|Mm108|chr11",3816,3498.71,38,0.153873,"Flii",14248,"CCDS24795.1"
"CCDS24826.1|Mm108|chr11",918,601.61,1583,37.2779,"Ubb",22187,"CCDS24826.1"
"CCDS24854.2|Mm108|chr11",5829,5511.71,189.683,0.48756,"Myh2",17882,"CCDS24854.2"
"CCDS24855.1|Mm108|chr11",5829,5511.71,14682.9,37.7409,"Myh1",17879,"CCDS24855.1"
"CCDS24856.1|Mm108|chr11",5820,5502.71,645796,1662.66,"Myh4",17884,"CCDS24856.1"
"CCDS24857.1|Mm108|chr11",5814,5496.71,413.494,1.06574,"Myh8",17885,"CCDS24857.1"
"CCDS24859.1|Mm108|chr11",609,292.928,0,0,"Rcvrn",19674,"CCDS24859.1"
"CCDS24869.1|Mm108|chr11",5931,5613.71,600,1.51421,"Myh10",77579,"CCDS24869.1"
"CCDS24895.1|Mm108|chr11",4926,4608.71,123,0.378104,"Kdm6b",216850,"CCDS24895.1"
"CCDS24922.1|Mm108|chr11",984,666.709,356,7.56483,"Gps2",56310,"CCDS24922.1"
"CCDS24961.1|Mm108|chr11",1305,987.709,0,0,"Eno3",13808,"CCDS24961.1"
"CCDS24976.1|Mm108|chr11",987,669.709,1,0.0211543,"Aipl1",114230,"CCDS24976.1"
"CCDS25032.1|Mm108|chr11",2139,1821.71,0,0,"Rap1gap2",380711,"CCDS25032.1"
"CCDS25036.1|Mm108|chr11",1662,1344.71,0,0,"Mettl16",67493,"CCDS25036.1"
"CCDS25039.1|Mm108|chr11",4257,3939.71,0,0,"Smg6",103677,"CCDS25039.1"
"CCDS25075.1|Mm108|chr11",1629,1311.71,95,1.02606,"Nsrp1",237859,"CCDS25075.1"
"CCDS25083.1|Mm108|chr11",2079,1761.71,66,0.530757,"Nufip2",68564,"CCDS25083.1"
"CCDS25168.1|Mm108|chr11",1674,1356.71,91026,950.527,"Taf15",70439,"CCDS25168.1"
"CCDS25249.1|Mm108|chr11",3495,3177.71,112,0.499332,"Spag9",70834,"CCDS25249.1"
"CCDS25265.1|Mm108|chr11",4362,4044.71,55,0.192646,"Col1a1",12842,"CCDS25265.1"
"CCDS25303.1|Mm108|chr11",558,243.688,0,0,"Cbx1",12412,"CCDS25303.1"
"CCDS25337.1|Mm108|chr11",591,275.094,15,0.772494,"Rpl19",19921,"CCDS25337.1"
"CCDS25363.1|Mm108|chr11",1848,1530.71,0,0,"Nr1d1",217166,"CCDS25363.1"
"CCDS25366.1|Mm108|chr11",1323,1005.71,32921,463.753,"Wipf2",68524,"CCDS25366.1"
"CCDS25374.1|Mm108|chr11",1236,918.709,507,7.81836,"Smarce1",57376,"CCDS25374.1"
"CCDS25516.1|Mm108|chr11",2829,2511.71,87,0.490722,"Map3k14",53859,"CCDS25516.1"
"CCDS25551.1|Mm108|chr11",1452,1134.71,10,0.124854,"Ccdc47",67163,"CCDS25551.1"
"CCDS25568.1|Mm108|chr11",1371,1053.71,6968,93.6857,"Psmd12",66997,"CCDS25568.1"
"CCDS25600.2|Mm108|chr11",558,243.688,2835,164.818,"Fam104a",28081,"CCDS25600.2"
"CCDS25647.1|Mm108|chr11",3606,3288.71,0,0,"Caskin2",140721,"CCDS25647.1"
"CCDS25661.1|Mm108|chr11",6108,5790.71,3,0.00733965,"Evpl",14027,"CCDS25661.1"
"CCDS25710.1|Mm108|chr11",1656,1338.71,3467.55,36.6963,"Cbx4",12418,"CCDS25710.1"
"CCDS25728.1|Mm108|chr11",3273,2955.71,0,0,"Slc38a10",72055,"CCDS25728.1"
"CCDS25783.1|Mm108|chr12",2391,2073.71,0,0,"Kif3c",16570,"CCDS25783.1"
"CCDS25795.1|Mm108|chr12",777,460.705,7,0.215259,"Ubxn2a",217379,"CCDS25795.1"
"CCDS25799.1|Mm108|chr12",591,275.094,0,0,"Rhob",11852,"CCDS25799.1"
"CCDS25888.1|Mm108|chr12",912,595.61,93,2.21211,"Meox2",17286,"CCDS25888.1"
"CCDS25913.1|Mm108|chr12",624,307.928,929.5,42.7648,"Fam177a",73385,"CCDS25913.1"
"CCDS25933.1|Mm108|chr12",2181,1863.71,559,4.24932,"Pnn",18949,"CCDS25933.1"
"CCDS25992.1|Mm108|chr12",2142,1824.71,45,0.349385,"Zbtb1",268564,"CCDS25992.1"
"CCDS26090.1|Mm108|chr12",2688,2370.71,0,0,"Ston2",108800,"CCDS26090.1"
"CCDS26103.1|Mm108|chr12",1374,1056.71,0,0,"Foxn3",71375,"CCDS26103.1"
"CCDS26120.1|Mm108|chr12",1392,1074.71,87,1.14687,"Chga",12652,"CCDS26120.1"
"CCDS26129.1|Mm108|chr12",2574,2256.71,231,1.45018,"Ddx24",27225,"CCDS26129.1"
"CCDS26163.1|Mm108|chr12",1245,927.709,11.0892,0.169346,"Yy1",22632,"CCDS26163.1"
"CCDS26176.1|Mm108|chr12",5142,4824.71,6244,18.3349,"Cdc42bpb",217866,"CCDS26176.1"
"CCDS26183.1|Mm108|chr12",1146,828.709,33,0.564154,"Ckb",12709,"CCDS26183.1"
"CCDS26230.1|Mm108|chr13",2355,2037.71,0,0,"Pfkp",56421,"CCDS26230.1"
"CCDS26258.1|Mm108|chr13",2061,1743.71,0,0,"Amph",218038,"CCDS26258.1"
"CCDS26490.1|Mm108|chr13",1143,825.709,0,0,"Dek",110052,"CCDS26490.1"
"CCDS26527.1|Mm108|chr13",1056,738.709,3,0.0575352,"Thoc3",73666,"CCDS26527.1"
"CCDS26533.1|Mm108|chr13",636,319.928,3277,145.114,"Cltb",74325,"CCDS26533.1"
"CCDS26667.2|Mm108|chr13",3117,2799.71,79,0.39976,"Rasa1",218397,"CCDS26667.2"
"CCDS26679.1|Mm108|chr13",1260,942.709,40,0.60113,"Ckmt2",76722,"CCDS26679.1"
"CCDS26684.1|Mm108|chr13",2892,2574.71,20,0.110049,"Thbs4",21828,"CCDS26684.1"
"CCDS26723.1|Mm108|chr13",7395,7077.71,3851,7.70844,"Map1b",17755,"CCDS26723.1"
"CCDS26778.1|Mm108|chr13",3123,2805.71,24,0.121187,"Mtrex",72198,"CCDS26778.1"
"CCDS26793.1|Mm108|chr13",2733,2415.71,47.3867,0.277906,"Hcn1",15165,"CCDS26793.1"
"CCDS26873.1|Mm108|chr14",3219,2901.71,0,0,"Zmiz1",328365,"CCDS26873.1"
"CCDS26929.1|Mm108|chr14",3705,3387.71,61,0.255099,"Rbp3",19661,"CCDS26929.1"
"CCDS27117.1|Mm108|chr14",621,304.928,3,0.139383,"Emc9",85308,"CCDS27117.1"
"CCDS27197.1|Mm108|chr14",1020,702.709,0,0,"Ctsb",13030,"CCDS27197.1"
"CCDS27232.1|Mm108|chr14",1632,1314.71,4,0.0431038,"Nefl",18039,"CCDS27232.1"
"CCDS27233.1|Mm108|chr14",2547,2229.71,731132,4645.51,"Nefm",18040,"CCDS27233.1"
"CCDS27278.1|Mm108|chr14",5190,4872.71,37.9055,0.110209,"Zc3h13",67302,"CCDS27278.1"
"CCDS27412.1|Mm108|chr15",744,427.795,81,2.68247,"Atpsckmt",68073,"CCDS27412.1"
"CCDS27463.1|Mm108|chr15",1908,1590.71,87,0.774844,"Rad21",19357,"CCDS27463.1"
"CCDS27471.1|Mm108|chr15",1065,747.709,0,0,"Ccn3",18133,"CCDS27471.1"
"CCDS27549.1|Mm108|chr15",1080,762.709,124,2.30329,"Mafa",378435,"CCDS27549.1"
"CCDS27648.1|Mm108|chr15",2007,1689.71,93,0.779752,"Gtpbp1",14904,"CCDS27648.1"
"CCDS27649.1|Mm108|chr15",2100,1782.71,0,0,"Sun2",223697,"CCDS27649.1"
"CCDS27667.1|Mm108|chr15",1116,798.709,0,0,"St13",70356,"CCDS27667.1"
"CCDS27683.1|Mm108|chr15",3393,3075.71,302,1.39106,"Srebf2",20788,"CCDS27683.1"
"CCDS27861.1|Mm108|chr15",1743,1425.71,82,0.814833,"Krt5",110308,"CCDS27861.1"
"CCDS27932.1|Mm108|chr16",5265,4947.71,68,0.194711,"Ppl",19041,"CCDS27932.1"
"CCDS28055.1|Mm108|chr16",4803,4485.71,6.18306e-06,1.9528e-08,"Eif4g1",208643,"CCDS28055.1"
"CCDS28182.1|Mm108|chr16",1854,1536.71,1,0.00921922,"Atp6v1a",11964,"CCDS28182.1"
"CCDS28269.1|Mm108|chr16",642,325.928,0,0,"Chmp2b",68942,"CCDS28269.1"
"CCDS28338.1|Mm108|chr16",1791,1473.71,131333,1262.55,"Clic6",209195,"CCDS28338.1"
"CCDS28350.1|Mm108|chr16",2292,1974.71,278.958,2.00134,"Dyrk1a",13548,"CCDS28350.1"
"CCDS28353.1|Mm108|chr16",291,97.4112,481,69.9555,"Hmgn1",15312,"CCDS28353.1"
"CCDS28355.1|Mm108|chr16",645,328.928,7030,302.789,"Sh3bgr",50795,"CCDS28355.1"
"CCDS28578.1|Mm108|chr17",1632,1314.71,705516,7602.61,"Tulp1",22157,"CCDS28578.1"
"CCDS28661.1|Mm108|chr17",3735,3417.71,11497,47.6579,"Skiv2l",108077,"CCDS28661.1"
"CCDS28666.1|Mm108|chr17",3519,3201.71,51.2207,0.226647,"Ehmt2",110147,"CCDS28666.1"
"CCDS28713.1|Mm108|chr17",2514,2196.71,494815,3191.21,"Abcf1",224742,"CCDS28713.1"
"CCDS28812.1|Mm108|chr17",2175,1857.71,73,0.556712,"Hsp90ab1",15516,"CCDS28812.1"
"CCDS28818.2|Mm108|chr17",1107,789.709,1.30267,0.0233698,"Vegfa",22339,"CCDS28818.2"
"CCDS28827.2|Mm108|chr17",6714,6396.71,0,0,"Zfp318",57908,"CCDS28827.2"
"CCDS28868.1|Mm108|chr17",675,358.795,15341,605.75,"Apobec2",11811,"CCDS28868.1"
"CCDS28894.1|Mm108|chr17",2010,1692.71,0,0,"Hdgfl2",15193,"CCDS28894.1"
"CCDS28911.1|Mm108|chr17",1476,1158.71,0,0,"Ranbp3",71810,"CCDS28911.1"
"CCDS28943.1|Mm108|chr17",6126,5808.71,126,0.30731,"Ankrd12",106585,"CCDS28943.1"
"CCDS28974.2|Mm108|chr17",1548,1230.71,39,0.448947,"Fam98a",72722,"CCDS28974.2"
"CCDS29039.1|Mm108|chr18",3354,3036.71,58.6349,0.273551,"Zeb1",21417,"CCDS29039.1"
"CCDS29115.1|Mm108|chr18",2301,1983.71,0,0,"Iws1",73473,"CCDS29115.1"
"CCDS29151.1|Mm108|chr18",966,648.709,9,0.196552,"Pura",19290,"CCDS29151.1"
"CCDS29259.1|Mm108|chr18",1158,840.709,0,0,"Phax",56698,"CCDS29259.1"
"CCDS29302.2|Mm108|chr18",1518,1200.71,4,0.0471963,"Onecut2",225631,"CCDS29302.2"
"CCDS29335.1|Mm108|chr18",1245,927.709,42064,642.369,"Mbd2",17191,"CCDS29335.1"
"CCDS29406.1|Mm108|chr19",957,640.55,4,0.0884694,"Acy3",71670,"CCDS29406.1"
"CCDS29419.1|Mm108|chr19",1458,1140.71,10,0.124197,"Rps6kb2",58988,"CCDS29419.1"
"CCDS29434.1|Mm108|chr19",7167,6849.71,0,0,"Sptbn2",20743,"CCDS29434.1"
"CCDS29460.1|Mm108|chr19",2421,2103.71,432,2.90927,"Sart1",20227,"CCDS29460.1"
"CCDS29462.1|Mm108|chr19",618,301.928,0,0,"Drap1",66556,"CCDS29462.1"
"CCDS29509.1|Mm108|chr19",1269,951.709,99,1.47373,"Esrra",26379,"CCDS29509.1"
"CCDS29523.1|Mm108|chr19",1146,828.709,17,0.290625,"Spindoc",68229,"CCDS29523.1"
"CCDS29553.1|Mm108|chr19",894,577.61,0,0,"Ubxn1",225896,"CCDS29553.1"
"CCDS29564.1|Mm108|chr19",16971,16653.7,0,0,"Ahnak",66395,"CCDS29564.1"
"CCDS29612.1|Mm108|chr19",810,493.61,120,3.44416,"Stx3",20908,"CCDS29612.1"
"CCDS29808.1|Mm108|chr19",1764,1446.71,0,0,"Tm9sf3",107358,"CCDS29808.1"
"CCDS29853.1|Mm108|chr19",2514,2196.71,1,0.00644931,"Sema4g",26456,"CCDS29853.1"
"CCDS29883.1|Mm108|chr19",1683,1365.71,0,0,"Nt5c2",76952,"CCDS29883.1"
"CCDS29984.1|Mm108|chrX",1563,1245.71,7.54063,0.0857584,"Was",22376,"CCDS29984.1"
"CCDS30027.1|Mm108|chrX",1989,1671.71,7,0.059323,"Ddx3x",13205,"CCDS30027.1"
"CCDS30155.1|Mm108|chrX",1401,1083.71,185,2.41849,"Zic3",22773,"CCDS30155.1"
"CCDS30218.1|Mm108|chrX",6138,5820.71,0,0,"Hcfc1",15161,"CCDS30218.1"
"CCDS30402.1|Mm108|chrX",603,286.928,4787.93,236.407,"Tceal6",66104,"CCDS30402.1"
"CCDS30416.1|Mm108|chrX",603,286.928,28.7643,1.42025,"Tceal5",331532,"CCDS30416.1"
"CCDS30419.1|Mm108|chrX",375,153.622,0,0,"Bex3",12070,"CCDS30419.1"
"CCDS30420.1|Mm108|chrX",603,286.928,1.3009,0.0642327,"Tceal3",594844,"CCDS30420.1"
"CCDS30472.1|Mm108|chrX",1140,822.709,0,0,"Ribc1",66611,"CCDS30472.1"
"CCDS30545.1|Mm108|chrY",1188,870.709,2.51977,0.040999,"Sry",21674,"CCDS30545.1"
"CCDS35508.1|Mm108|chr1",1074,756.709,10,0.187222,"Pcmtd1",319263,"CCDS35508.1"
"CCDS35514.1|Mm108|chr1",4182,3864.71,0,0,"Ncoa2",17978,"CCDS35514.1"
"CCDS35530.1|Mm108|chr1",6078,5760.71,83963,206.489,"Phf3",213109,"CCDS35530.1"
"CCDS35535.1|Mm108|chr1",16140,15822.7,969,0.867618,"Dst",13518,"CCDS35535.1"
"CCDS35544.1|Mm108|chr1",3651,3333.71,24,0.101993,"Eif5b",226982,"CCDS35544.1"
"CCDS35554.1|Mm108|chr1",4395,4077.71,8,0.0277945,"Col3a1",12825,"CCDS35554.1"
"CCDS35588.1|Mm108|chr1",3117,2799.71,27,0.136627,"Bmpr2",12168,"CCDS35588.1"
"CCDS35599.1|Mm108|chr1",525,216.873,13840,904.098,"Crygd",12967,"CCDS35599.1"
"CCDS35600.1|Mm108|chr1",528,219.805,0,0,"Crygc",12966,"CCDS35600.1"
"CCDS35625.1|Mm108|chr1",2946,2628.71,0,0,"Ptprn",19275,"CCDS35625.1"
"CCDS35627.1|Mm108|chr1",2961,2643.71,16,0.0857417,"Epha4",13838,"CCDS35627.1"
"CCDS35646.1|Mm108|chr1",2124,1806.71,31,0.243086,"Ncl",17975,"CCDS35646.1"
"CCDS35649.1|Mm108|chr1",336,120.899,0,0,"Ptma",19231,"CCDS35649.1"
"CCDS35656.1|Mm108|chr1",1212,894.709,6,0.0950069,"Sag",20215,"CCDS35656.1"
"CCDS35716.1|Mm108|chr1",4635,4317.71,137,0.449524,"Kdm5b",75605,"CCDS35716.1"
"CCDS35734.2|Mm108|chr1",7296,6978.71,0,0,"Tpr",108989,"CCDS35734.2"
"CCDS35749.1|Mm108|chr1",8541,8223.71,524721,903.954,"Prrc2c",226562,"CCDS35749.1"
"CCDS35755.1|Mm108|chr1",915,598.61,0,0,"Atp1b1",11931,"CCDS35755.1"
"CCDS35756.1|Mm108|chr1",4845,4527.71,0,0,"Adcy10",271639,"CCDS35756.1"
"CCDS35774.1|Mm108|chr1",1701,1383.71,10,0.102386,"Usp21",30941,"CCDS35774.1"
"CCDS35822.1|Mm108|chr1",2214,1896.71,1,0.00746939,"Prox1",19130,"CCDS35822.1"
"CCDS35841.1|Mm108|chr10",10293,9975.71,0,0,"Utrn",22288,"CCDS35841.1"
"CCDS35890.1|Mm108|chr10",2595,2277.71,45617,283.736,"Sobp",109205,"CCDS35890.1"
"CCDS35979.1|Mm108|chr10",606,289.928,15477200,756290,"Reep6",70335,"CCDS35979.1"
"CCDS35984.1|Mm108|chr10",3600,3282.71,1566,6.75842,"Ap3d1",11776,"CCDS35984.1"
"CCDS35995.1|Mm108|chr10",2319,2001.71,0,0,"Cactin",70312,"CCDS35995.1"
"CCDS36019.1|Mm108|chr10",2409,2091.71,31,0.209965,"Hsp90b1",22027,"CCDS36019.1"
"CCDS36032.1|Mm108|chr10",1032,714.709,39,0.773074,"Tmpo",21917,"CCDS36032.1"
"CCDS36052.1|Mm108|chr10",3015,2697.71,85,0.446385,"Ppp1r12a",17931,"CCDS36052.1"
"CCDS36099.1|Mm108|chr11",3273,2955.71,25538,122.408,"Nefh",380684,"CCDS36099.1"
"CCDS36118.1|Mm108|chr11",1287,969.709,122,1.7824,"Zrsr1",22183,"CCDS36118.1"
"CCDS36123.1|Mm108|chr11",7092,6774.71,34,0.0711007,"Sptbn1",20742,"CCDS36123.1"
"CCDS36180.1|Mm108|chr11",2295,1977.71,828,5.93135,"Arhgap44",216831,"CCDS36180.1"
"CCDS36184.1|Mm108|chr11",5823,5505.71,4,0.0102928,"Myh3",17883,"CCDS36184.1"
"CCDS36185.1|Mm108|chr11",5817,5499.71,3453.49,8.8962,"Myh13",544791,"CCDS36185.1"
"CCDS36197.2|Mm108|chr11",2949,2631.71,428,2.30405,"Zbtb4",75580,"CCDS36197.2"
"CCDS36202.1|Mm108|chr11",2175,1857.71,4,0.0305048,"Dlg4",13385,"CCDS36202.1"
"CCDS36306.1|Mm108|chr11",1464,1146.71,70,0.86483,"Krt12",268482,"CCDS36306.1"
"CCDS36370.1|Mm108|chr11",1068,750.709,6567,123.931,"Slc9a3r1",26941,"CCDS36370.1"
"CCDS36398.1|Mm108|chr12",4977,4659.71,0,0,"Itsn2",20403,"CCDS36398.1"
"CCDS36435.1|Mm108|chr12",1752,1434.71,3,0.029624,"Zfp277",246196,"CCDS36435.1"
"CCDS36471.1|Mm108|chr12",3786,3468.71,247,1.00882,"Arid4a",238247,"CCDS36471.1"
"CCDS36575.1|Mm108|chr12",3000,2682.71,555,2.93093,"Wdr60",217935,"CCDS36575.1"
"CCDS36656.1|Mm108|chr13",2463,2145.71,7068,46.6672,"Bicd2",76895,"CCDS36656.1"
"CCDS36667.1|Mm108|chr13",405,178.451,0,0,"Cplx2",12890,"CCDS36667.1"
"CCDS36670.1|Mm108|chr13",402,175.983,888498,71527.3,"Sncb",104069,"CCDS36670.1"
"CCDS36671.1|Mm108|chr13",2184,1866.71,0,0,"Uimc1",20184,"CCDS36671.1"
"CCDS36673.1|Mm108|chr13",8076,7758.71,359,0.655527,"Nsd1",18193,"CCDS36673.1"
"CCDS36677.1|Mm108|chr13",1983,1665.71,224.772,1.91174,"Dbn1",56320,"CCDS36677.1"
"CCDS36684.1|Mm108|chr13",1101,783.709,0,0,"Gkap1",56278,"CCDS36684.1"
"CCDS36689.1|Mm108|chr13",4425,4107.71,0,0,"Tut7",214290,"CCDS36689.1"
"CCDS36702.1|Mm108|chr13",1239,921.709,29,0.445748,"Habp4",56541,"CCDS36702.1"
"CCDS36711.1|Mm108|chr13",1944,1626.71,28,0.243856,"Zfp457",431706,"CCDS36711.1"
"CCDS36830.1|Mm108|chr14",393,168.43,18,1.51405,"Rps24",20088,"CCDS36830.1"
"CCDS36919.1|Mm108|chr14",7749,7431.71,5,0.00953162,"Chd8",67772,"CCDS36919.1"
"CCDS36951.1|Mm108|chr14",5580,5262.71,207,0.557246,"Rp1l1",271209,"CCDS36951.1"
"CCDS37002.1|Mm108|chr14",1959,1641.71,360,3.10665,"Scel",64929,"CCDS37002.1"
"CCDS37011.1|Mm108|chr14",2559,2241.71,0,0,"Dzip1",66573,"CCDS37011.1"
"CCDS37035.1|Mm108|chr15",8397,8079.71,2610,4.57647,"Nipbl",71175,"CCDS37035.1"
"CCDS37059.1|Mm108|chr15",1494,1176.71,777,9.35487,"Stk3",56274,"CCDS37059.1"
"CCDS37061.1|Mm108|chr15",2706,2388.71,0,0,"Spag1",26942,"CCDS37061.1"
"CCDS37065.1|Mm108|chr15",1347,1029.71,0,0,"Azin1",54375,"CCDS37065.1"
"CCDS37075.1|Mm108|chr15",3597,3279.71,635,2.74299,"Taf2",319944,"CCDS37075.1"
"CCDS37117.2|Mm108|chr15",13161,12843.7,2,0.0022061,"Plec",18810,"CCDS37117.2"
"CCDS37143.1|Mm108|chr15",477,205.771,0,0,"Cbx7",52609,"CCDS37143.1"
"CCDS37146.1|Mm108|chr15",5433,5115.71,662.244,1.83399,"Tnrc6b",213988,"CCDS37146.1"
"CCDS37190.1|Mm108|chr15",1461,1143.71,6,0.0743227,"Kansl2",69612,"CCDS37190.1"
"CCDS37233.1|Mm108|chr15",963,646.291,0,0,"Hnrnpa1",15382,"CCDS37233.1"
"CCDS37237.1|Mm108|chr15",516,212.492,0,0,"Ppp1r1a",58200,"CCDS37237.1"
"CCDS37262.1|Mm108|chr16",5211,4893.71,4,0.01158,"Marf1",223989,"CCDS37262.1"
"CCDS37273.1|Mm108|chr16",2250,1932.71,0,0,"Med15",94112,"CCDS37273.1"
"CCDS37280.1|Mm108|chr16",612,295.928,10,0.47874,"Ranbp1",19385,"CCDS37280.1"
"CCDS37325.1|Mm108|chr16",2247,1929.71,0,0,"Dtx3l",209200,"CCDS37325.1"
"CCDS37358.1|Mm108|chr16",3732,3414.71,510,2.11593,"Impg2",224224,"CCDS37358.1"
"CCDS37414.1|Mm108|chr16",189,47.0558,23,6.92468,"Pcp4",18546,"CCDS37414.1"
"CCDS37493.1|Mm108|chr17",882,565.61,13,0.325621,"Rps2",16898,"CCDS37493.1"
"CCDS37501.1|Mm108|chr17",7080,6762.71,21,0.0439931,"Cacna1h",58226,"CCDS37501.1"
"CCDS37531.1|Mm108|chr17",1947,1629.71,311,2.70356,"Srpk1",20815,"CCDS37531.1"
"CCDS37539.1|Mm108|chr17",2514,2196.71,8,0.0515945,"Cmtr1",74157,"CCDS37539.1"
"CCDS37549.1|Mm108|chr17",1407,1089.71,2413980,31384,"Ndufv3",78330,"CCDS37549.1"
"CCDS37596.1|Mm108|chr17",6477,6159.71,0,0,"Prrc2a",53761,"CCDS37596.1"
"CCDS37722.1|Mm108|chr18",2442,2124.71,5,0.0333393,"Arhgap12",75415,"CCDS37722.1"
"CCDS37738.1|Mm108|chr18",2682,2364.71,562,3.36701,"Rbbp8",225182,"CCDS37738.1"
"CCDS37819.1|Mm108|chr18",1326,1008.71,1395410,19598.5,"Srfbp1",67222,"CCDS37819.1"
"CCDS37822.1|Mm108|chr18",2967,2649.71,1,0.00534672,"Cep120",225523,"CCDS37822.1"
"CCDS37891.1|Mm108|chr19",3762,3444.71,2379,9.78425,"Ltbp3",16998,"CCDS37891.1"
"CCDS37945.1|Mm108|chr19",711,394.795,16.5149,0.592641,"Smarca2",67155,"CCDS37945.1"
"CCDS37980.1|Mm108|chr19",2817,2499.71,0,0,"Sorbs1",20411,"CCDS37980.1"
"CCDS38006.1|Mm108|chr19",2109,1791.71,2.86498,0.0226537,"Nolc1",70769,"CCDS38006.1"
"CCDS38019.1|Mm108|chr19",960,643.55,32903,724.334,"Sfr1",67788,"CCDS38019.1"
"CCDS38035.1|Mm108|chr19",4035,3717.71,39,0.148619,"Eif3a",13669,"CCDS38035.1"
"CCDS38154.1|Mm108|chr2",100404,100087,193903,27.4469,"Ttn",22138,"CCDS38154.1"
"CCDS38217.1|Mm108|chr2",1320,1002.71,21734,307.079,"Mfap1b",100034361,"CCDS38217.1"
"CCDS38253.1|Mm108|chr2",2106,1788.71,1062250,8413.42,"Rrbp1",81910,"CCDS38253.1"
"CCDS38335.1|Mm108|chr2",5379,5061.71,115,0.321874,"Arfgef2",99371,"CCDS38335.1"
"CCDS38405.1|Mm108|chr3",1248,930.709,1,0.015222,"Lrrc34",71827,"CCDS38405.1"
"CCDS38416.1|Mm108|chr3",960,643.55,135,2.97192,"Anxa5",11747,"CCDS38416.1"
"CCDS38461.1|Mm108|chr3",1941,1623.71,20,0.174505,"Map9",213582,"CCDS38461.1"
"CCDS38479.1|Mm108|chr3",1524,1206.71,0.0471442,0.000553492,"Mef2d",17261,"CCDS38479.1"
"CCDS38525.1|Mm108|chr3",297,101.133,18,2.52152,"S100a11",20195,"CCDS38525.1"
"CCDS38543.1|Mm108|chr3",1107,789.709,3218,57.7304,"Vps72",21427,"CCDS38543.1"
"CCDS38626.1|Mm108|chr3",1713,1395.71,475,4.82152,"Larp7",28036,"CCDS38626.1"
"CCDS38673.1|Mm108|chr3",1824,1506.71,40654,382.261,"Nexn",68810,"CCDS38673.1"
"CCDS38697.1|Mm108|chr4",2757,2439.71,0,0,"Wwp1",107568,"CCDS38697.1"
"CCDS38713.1|Mm108|chr4",1068,750.709,0,0,"Bag1",12017,"CCDS38713.1"
"CCDS38778.1|Mm108|chr4",2736,2418.71,0,0,"Whrn",73750,"CCDS38778.1"
"CCDS38894.1|Mm108|chr4",1329,1011.71,2815,39.4193,"Sdc3",20970,"CCDS38894.1"
"CCDS38926.1|Mm108|chr4",4737,4419.71,26,0.0833423,"Eif4g3",230861,"CCDS38926.1"
"CCDS38940.1|Mm108|chr4",10932,10614.7,0.00474956,6.33915e-06,"Spen",56381,"CCDS38940.1"
"CCDS38973.1|Mm108|chr4",3501,3183.71,6217,27.6652,"Casz1",69743,"CCDS38973.1"
"CCDS38979.1|Mm108|chr4",4677,4359.71,613864,1994.8,"Rere",68703,"CCDS38979.1"
"CCDS39073.2|Mm108|chr5",4191,3873.71,1189,4.34851,"D5Ertd579e",320661,"CCDS39073.2"
"CCDS39246.1|Mm108|chr5",2046,1728.71,87,0.712989,"Rph3a",19894,"CCDS39246.1"
"CCDS39276.1|Mm108|chr5",3207,2889.71,2,0.00980531,"Hip1r",29816,"CCDS39276.1"
"CCDS39284.1|Mm108|chr5",786,469.705,9503,286.63,"Zfp664",269704,"CCDS39284.1"
"CCDS39291.1|Mm108|chr5",1944,1626.71,21,0.182892,"Zfp11",22648,"CCDS39291.1"
"CCDS39320.1|Mm108|chr5",630,313.928,0,0,"Hspb1",15507,"CCDS39320.1"
"CCDS39328.1|Mm108|chr5",4281,3963.71,0,0,"Cux1",13047,"CCDS39328.1"
"CCDS39361.1|Mm108|chr5",2424,2106.71,130,0.874227,"Ap5z1",231855,"CCDS39361.1"
"CCDS39384.1|Mm108|chr5",546,236.601,0,0,"Pdap1",231887,"CCDS39384.1"
"CCDS39418.1|Mm108|chr6",225,59.5282,128,30.463,"Gngt1",14699,"CCDS39418.1"
"CCDS39420.1|Mm108|chr6",4119,3801.71,0,0,"Col1a2",12843,"CCDS39420.1"
"CCDS39428.1|Mm108|chr6",2646,2328.71,5,0.0304187,"Phf14",75725,"CCDS39428.1"
"CCDS39436.1|Mm108|chr6",684,367.795,0,0,"Fam3c",27999,"CCDS39436.1"
"CCDS39456.1|Mm108|chr6",1593,1275.71,960925,10671.5,"Cald1",109624,"CCDS39456.1"
"CCDS39544.1|Mm108|chr6",2880,2562.71,0,0,"Aak1",269774,"CCDS39544.1"
"CCDS39570.1|Mm108|chr6",1866,1548.71,1,0.00914778,"Slc6a6",21366,"CCDS39570.1"
"CCDS39603.1|Mm108|chr6",1665,1347.71,6,0.0630726,"Mbd4",17193,"CCDS39603.1"
"CCDS39677.1|Mm108|chr6",1458,1140.71,1106,13.7362,"Etv6",14011,"CCDS39677.1"
"CCDS39841.1|Mm108|chr7",1023,705.709,0,0,"Hnrnpul1",232989,"CCDS39841.1"
"CCDS39871.1|Mm108|chr7",5331,5013.71,167,0.471892,"Sipa1l3",74206,"CCDS39871.1"
"CCDS39943.1|Mm108|chr7",5979,5661.71,4738.54,11.8572,"Myh14",71960,"CCDS39943.1"
"CCDS39950.1|Mm108|chr7",2217,1899.71,122.33,0.912288,"Hrc",15464,"CCDS39950.1"
"CCDS39983.1|Mm108|chr7",3780,3462.71,504,2.06205,"Synm",233335,"CCDS39983.1"
"CCDS39990.1|Mm108|chr7",954,637.55,3,0.0666642,"Rlbp1",19771,"CCDS39990.1"
"CCDS40011.1|Mm108|chr7",609,292.928,0,0,"Hdgfl3",29877,"CCDS40011.1"
"CCDS40029.1|Mm108|chr7",921,604.61,183,4.28806,"Map6",17760,"CCDS40029.1"
"CCDS40031.1|Mm108|chr7",732,415.795,38,1.29476,"Rps3",27050,"CCDS40031.1"
"CCDS40046.1|Mm108|chr7",6285,5967.71,35,0.0830895,"Numa1",101706,"CCDS40046.1"
"CCDS40083.1|Mm108|chr7",447,188.724,690,51.7974,"Rpl27a",26451,"CCDS40083.1"
"CCDS40144.1|Mm108|chr7",5151,4833.71,3.84188,0.0112603,"Setd1a",233904,"CCDS40144.1"
"CCDS40219.1|Mm108|chr8",5010,4692.71,15627,47.1778,"Col4a1",12826,"CCDS40219.1"
"CCDS40231.1|Mm108|chr8",2037,1719.71,0,0,"Tmco3",234076,"CCDS40231.1"
"CCDS40232.1|Mm108|chr8",2025,1707.71,11340,94.0773,"Gas6",14456,"CCDS40232.1"
"CCDS40294.1|Mm108|chr8",6012,5694.71,676,1.68175,"Kat6a",244349,"CCDS40294.1"
"CCDS40343.1|Mm108|chr8",633,316.928,1,0.0447018,"Hmgb2",97165,"CCDS40343.1"
"CCDS40414.1|Mm108|chr8",1089,771.709,0,0,"Rad23a",19358,"CCDS40414.1"
"CCDS40507.2|Mm108|chr8",7932,7614.71,3746,6.96948,"Ankrd11",77087,"CCDS40507.2"
"CCDS40634.1|Mm108|chr9",1752,1434.71,1,0.00987465,"Rdx",19684,"CCDS40634.1"
"CCDS40663.1|Mm108|chr9",744,427.795,320,10.5974,"Anp32a",11737,"CCDS40663.1"
"CCDS40684.1|Mm108|chr9",1476,1158.71,0,0,"Mns1",17427,"CCDS40684.1"
"CCDS40706.1|Mm108|chr9",5466,5148.71,0,0,"Phip",83946,"CCDS40706.1"
"CCDS40745.1|Mm108|chr9",2319,2001.71,52,0.368034,"Amotl2",56332,"CCDS40745.1"
"CCDS40780.1|Mm108|chr9",5079,4761.71,1,0.00297525,"Ptpn23",104831,"CCDS40780.1"
"CCDS40785.1|Mm108|chr9",1821,1503.71,155,1.46034,"Epm2aip1",77781,"CCDS40785.1"
"CCDS40801.1|Mm108|chr9",6717,6399.71,26,0.0575571,"Golga4",54214,"CCDS40801.1"
"CCDS40885.1|Mm108|chrX",2793,2475.71,43.5426,0.249173,"Rbm10",236732,"CCDS40885.1"
"CCDS40949.1|Mm108|chrX",510,207.028,0,0,"6030498E09Rik",77883,"CCDS40949.1"
"CCDS41047.1|Mm108|chrX",11037,10719.7,0,0,"Dmd",13405,"CCDS41047.1"
"CCDS41078.1|Mm108|chrX",6573,6255.71,185576,420.272,"Med12",59024,"CCDS41078.1"
"CCDS41082.1|Mm108|chrX",396,170.998,0,0,"Pin4",69713,"CCDS41082.1"
"CCDS41156.1|Mm108|chrX",2013,1695.71,11,0.0919024,"Acsl4",50790,"CCDS41156.1"
"CCDS48275.2|Mm108|chr1",3801,3483.71,2,0.00813343,"Raph1",77300,"CCDS48275.2"
"CCDS48283.1|Mm108|chr1",9981,9663.71,67352,98.7398,"Unc80",329178,"CCDS48283.1"
"CCDS48376.1|Mm108|chr1",888,571.61,0,0,"Tnnt2",21956,"CCDS48376.1"
"CCDS48379.1|Mm108|chr1",8550,8232.71,124,0.213385,"Igfn1",226438,"CCDS48379.1"
"CCDS48392.1|Mm108|chr1",3666,3348.71,7854,33.2276,"Prg4",96875,"CCDS48392.1"
"CCDS48461.1|Mm108|chr1",4737,4419.71,5,0.0160274,"Cep170",545389,"CCDS48461.1"
"CCDS48473.1|Mm108|chr1",2358,2040.71,43.9932,0.305415,"Enah",13800,"CCDS48473.1"
"CCDS48474.1|Mm108|chr1",2370,2052.71,0.00682512,4.71052e-05,"Enah",13800,"CCDS48474.1"
"CCDS48583.1|Mm108|chr10",1041,723.709,0,0,"Hnrnph3",432467,"CCDS48583.1"
"CCDS48584.1|Mm108|chr10",3948,3630.71,27,0.105356,"Mypn",68802,"CCDS48584.1"
"CCDS48723.1|Mm108|chr10",6564,6246.71,1470820,3335.75,"Naca",17938,"CCDS48723.1"
"CCDS48751.1|Mm108|chr11",1170,852.709,40083,665.955,"Ccm2",216527,"CCDS48751.1"
"CCDS48799.1|Mm108|chr11",2004,1686.71,11,0.0923928,"Anxa6",11749,"CCDS48799.1"
"CCDS48825.2|Mm108|chr11",6168,5850.71,2861,6.92779,"Chd3",216848,"CCDS48825.2"
"CCDS48829.1|Mm108|chr11",2166,1848.71,0,0,"Dlg4",13385,"CCDS48829.1"
"CCDS48884.1|Mm108|chr11",6747,6429.71,0,0,"Cacna1g",12291,"CCDS48884.1"
"CCDS48885.1|Mm108|chr11",6819,6501.71,0,0,"Cacna1g",12291,"CCDS48885.1"
"CCDS48886.1|Mm108|chr11",6798,6480.71,0,0,"Cacna1g",12291,"CCDS48886.1"
"CCDS48944.1|Mm108|chr11",4518,4200.71,1,0.00337259,"Gpatch8",237943,"CCDS48944.1"
"CCDS48964.1|Mm108|chr11",8766,8448.71,145,0.243144,"Bptf",207165,"CCDS48964.1"
"CCDS49000.1|Mm108|chr11",3249,2931.71,0,0,"Slc38a10",72055,"CCDS49000.1"
"CCDS49066.1|Mm108|chr12",624,307.928,929.5,42.7648,"Fam177a2",100101807,"CCDS49066.1"
"CCDS49091.1|Mm108|chr12",20625,20307.7,45,0.0313933,"Syne2",319565,"CCDS49091.1"
"CCDS49094.1|Mm108|chr12",456,195.294,0,0,"Max",17187,"CCDS49094.1"
"CCDS49098.1|Mm108|chr12",1953,1635.71,0,0,"Exd2",97827,"CCDS49098.1"
"CCDS49107.1|Mm108|chr12",2517,2199.71,0,0,"Rbm25",67039,"CCDS49107.1"
"CCDS49114.1|Mm108|chr12",6420,6102.71,261,0.605904,"Ylpm1",56531,"CCDS49114.1"
"CCDS49137.1|Mm108|chr12",2223,1905.71,103,0.765713,"Sel1l",20338,"CCDS49137.1"
"CCDS49165.1|Mm108|chr12",1749,1431.71,0,0,"Ccnk",12454,"CCDS49165.1"
"CCDS49182.1|Mm108|chr12",1629,1311.71,7162,77.354,"Klc1",16593,"CCDS49182.1"
"CCDS49239.1|Mm108|chr13",8652,8334.71,193,0.328059,"Dsp",109620,"CCDS49239.1"
"CCDS49273.1|Mm108|chr13",1986,1668.71,15.2284,0.129288,"Dbn1",56320,"CCDS49273.1"
"CCDS49329.1|Mm108|chr13",11031,10713.7,39140,51.7567,"Cmya5",76469,"CCDS49329.1"
"CCDS49343.1|Mm108|chr13",7404,7086.71,91,0.181921,"Bdp1",544971,"CCDS49343.1"
"CCDS49490.1|Mm108|chr14",3384,3066.71,0,0,"Rpgrip1",77945,"CCDS49490.1"
"CCDS49539.1|Mm108|chr14",1917,1599.71,1.40299,0.0124251,"Lrrc63",70859,"CCDS49539.1"
"CCDS49556.1|Mm108|chr14",3732,3414.71,3,0.0124467,"Tbc1d4",210789,"CCDS49556.1"
"CCDS49575.1|Mm108|chr15",1467,1149.71,76,0.936508,"Ptger4",19219,"CCDS49575.1"
"CCDS49576.1|Mm108|chr15",1584,1266.71,8,0.0894744,"Dab2",13132,"CCDS49576.1"
"CCDS49601.1|Mm108|chr15",651,334.795,105,4.4432,"Oxr1",170719,"CCDS49601.1"
"CCDS49670.1|Mm108|chr15",6600,6282.71,1,0.00225496,"Cacna1i",239556,"CCDS49670.1"
"CCDS49737.1|Mm108|chr15",1836,1518.71,107,0.998148,"Eif4b",75705,"CCDS49737.1"
"CCDS49844.1|Mm108|chr16",9717,9399.71,0,0,"Golgb1",224139,"CCDS49844.1"
"CCDS49845.1|Mm108|chr16",6798,6480.71,63,0.137722,"Polq",77782,"CCDS49845.1"
"CCDS49868.1|Mm108|chr16",5778,5460.71,92,0.238685,"Myh15",667772,"CCDS49868.1"
"CCDS49884.1|Mm108|chr16",978,660.709,52.3491,1.1225,"Vgll3",73569,"CCDS49884.1"
"CCDS49929.1|Mm108|chr17",6735,6417.71,12901.7,28.4809,"Arid1b",239985,"CCDS49929.1"
"CCDS50058.1|Mm108|chr17",1926,1608.71,316,2.78289,"Akap8l",54194,"CCDS50058.1"
"CCDS50132.1|Mm108|chr17",1311,993.709,100,1.42569,"Bysl",53414,"CCDS50132.1"
"CCDS50152.1|Mm108|chr17",2814,2496.71,1397,7.9271,"Safb",224903,"CCDS50152.1"
"CCDS50218.1|Mm108|chr18",1632,1314.71,52,0.56035,"Wac",225131,"CCDS50218.1"
"CCDS50359.1|Mm108|chr19",5157,4839.71,0,0,"Ehbp1l1",114601,"CCDS50359.1"
"CCDS50396.1|Mm108|chr19",501,206.879,977,66.9058,"Gm8369",666926,"CCDS50396.1"
"CCDS50532.1|Mm108|chr2",2925,2607.71,223000,1211.52,"Ajm1",381353,"CCDS50532.1"
"CCDS50538.2|Mm108|chr2",4749,4431.71,5,0.015984,"Camsap1",227634,"CCDS50538.2"
"CCDS50558.1|Mm108|chr2",7434,7116.71,2.52502e-05,5.02657e-08,"Sptan1",20740,"CCDS50558.1"
"CCDS50559.1|Mm108|chr2",7374,7056.71,7.99938,0.0160598,"Sptan1",20740,"CCDS50559.1"
"CCDS50566.1|Mm108|chr2",270,85.0888,0,0,"Swi5",72931,"CCDS50566.1"
"CCDS50577.1|Mm108|chr2",3399,3081.71,12,0.0551665,"Dab2ip",69601,"CCDS50577.1"
"CCDS50584.1|Mm108|chr2",21459,21141.7,3,0.00201033,"Neb",17996,"CCDS50584.1"
"CCDS50610.1|Mm108|chr2",1074,756.709,5835,109.244,"Hnrnpa3",229279,"CCDS50610.1"
"CCDS50684.1|Mm108|chr2",5910,5592.71,258,0.653556,"Trp53bp1",27223,"CCDS50684.1"
"CCDS50685.1|Mm108|chr2",8331,8013.71,761697,1346.59,"Map1a",17754,"CCDS50685.1"
"CCDS50869.1|Mm108|chr3",1758,1440.71,0.999996,0.00983349,"Ythdf3",229096,"CCDS50869.1"
"CCDS50879.1|Mm108|chr3",3972,3654.71,577,2.2367,"Tnik",665113,"CCDS50879.1"
"CCDS50889.1|Mm108|chr3",1704,1386.71,14,0.14303,"Pex5l",58869,"CCDS50889.1"
"CCDS50954.1|Mm108|chr3",6729,6411.71,171,0.37784,"Gon4l",76022,"CCDS50954.1"
"CCDS50985.1|Mm108|chr3",4203,3885.71,0,0,"Pogz",229584,"CCDS50985.1"
"CCDS51005.1|Mm108|chr3",525,216.873,0,0,"Rbm8a",60365,"CCDS51005.1"
"CCDS51393.1|Mm108|chr4",1908,1590.71,19932,177.519,"Rnf207",433809,"CCDS51393.1"
"CCDS51452.1|Mm108|chr5",5979,5661.71,4.9063,0.012277,"Otof",83762,"CCDS51452.1"
"CCDS51526.1|Mm108|chr5",3867,3549.71,0,0,"Cracd",320827,"CCDS51526.1"
"CCDS51618.1|Mm108|chr5",7818,7500.71,0,0,"Myo18b",74376,"CCDS51618.1"
"CCDS51624.1|Mm108|chr5",1494,1176.71,29,0.349152,"Tchp",77832,"CCDS51624.1"
"CCDS51665.1|Mm108|chr5",753,436.795,1,0.0324346,"Upk3bl",69665,"CCDS51665.1"
"CCDS51748.1|Mm108|chr6",384,160.295,0,0,"Tmem213",77522,"CCDS51748.1"
"CCDS51773.1|Mm108|chr6",906,589.61,918.438,22.0684,"Hnrnpa2b1",53379,"CCDS51773.1"
"CCDS51774.1|Mm108|chr6",1026,708.709,2582.56,51.626,"Hnrnpa2b1",53379,"CCDS51774.1"
"CCDS51811.1|Mm108|chr6",1062,744.709,82592,1571.22,"Tgoln1",22134,"CCDS51811.1"
"CCDS51820.1|Mm108|chr6",5007,4689.71,0,0,"Tet3",194388,"CCDS51820.1"
"CCDS51850.1|Mm108|chr6",2886,2568.71,85314,470.534,"Iqsec1",232227,"CCDS51850.1"
"CCDS51851.1|Mm108|chr6",3300,2982.71,19.9922,0.0949588,"Iqsec1",232227,"CCDS51851.1"
"CCDS51973.1|Mm108|chr7",786,469.705,0,0,"Tnnt1",21955,"CCDS51973.1"
"CCDS52148.1|Mm108|chr7",8370,8052.71,10,0.0175932,"Megf8",269878,"CCDS52148.1"
"CCDS52232.1|Mm108|chr7",639,322.928,3332.13,146.185,"Fam71e1",75538,"CCDS52232.1"
"CCDS52274.1|Mm108|chr7",5484,5166.71,35,0.0959709,"Chd2",244059,"CCDS52274.1"
"CCDS52311.1|Mm108|chr7",4662,4344.71,0,0,"Pcf11",74737,"CCDS52311.1"
"CCDS52383.1|Mm108|chr7",2055,1737.71,4,0.0326113,"Polr3e",26939,"CCDS52383.1"
"CCDS52388.1|Mm108|chr7",2184,1866.71,175.213,1.32976,"Arhgap17",70497,"CCDS52388.1"
"CCDS52398.1|Mm108|chr7",1308,990.709,17,0.243102,"Tufm",233870,"CCDS52398.1"
"CCDS52421.1|Mm108|chr7",9534,9216.71,0,0,"Mki67",17345,"CCDS52421.1"
"CCDS52457.1|Mm108|chr7",735,418.795,33,1.11634,"Tnnt3",21957,"CCDS52457.1"
"CCDS52473.1|Mm108|chr8",3297,2979.71,2312,10.9926,"Prr36",73072,"CCDS52473.1"
"CCDS52516.1|Mm108|chr8",192,49.2222,1,0.287822,"Defb35",246084,"CCDS52516.1"
"CCDS52567.1|Mm108|chr8",1890,1572.71,175.838,1.58399,"Gatad2a",234366,"CCDS52567.1"
"CCDS52604.1|Mm108|chr8",3237,2919.71,0.00421044,2.04302e-05,"Zfp827",622675,"CCDS52604.1"
"CCDS52660.1|Mm108|chr8",3672,3354.71,711,3.00262,"Ripor1",75687,"CCDS52660.1"
"CCDS52688.1|Mm108|chr8",3642,3324.71,0,0,"Gse1",382034,"CCDS52688.1"
"CCDS52689.1|Mm108|chr8",3633,3315.71,0,0,"Gse1",382034,"CCDS52689.1"
"CCDS52704.1|Mm108|chr8",2307,1989.71,544,3.87342,"Trim67",330863,"CCDS52704.1"
"CCDS52723.1|Mm108|chr9",1245,927.709,0,0,"Maml2",270118,"CCDS52723.1"
"CCDS52737.1|Mm108|chr9",4854,4536.71,0.355754,0.00111095,"Smarca4",20586,"CCDS52737.1"
"CCDS52783.1|Mm108|chr9",4002,3684.71,0,0,"Cep164",214552,"CCDS52783.1"
"CCDS52842.1|Mm108|chr9",738,421.795,47,1.57864,"Tpm1",22003,"CCDS52842.1"
"CCDS52960.1|Mm108|chr9",2067,1749.71,471,3.81365,"Eomes",13813,"CCDS52960.1"
"CCDS52988.1|Mm108|chrX",462,198.646,0,0,"Rbm3",19652,"CCDS52988.1"
"CCDS53002.1|Mm108|chrX",2919,2601.71,0,0,"Rpgr",19893,"CCDS53002.1"
"CCDS53013.1|Mm108|chrX",2790,2472.71,267.108,1.53038,"Rbm10",236732,"CCDS53013.1"
"CCDS53018.1|Mm108|chrX",2013,1695.71,47,0.392674,"Syn1",20964,"CCDS53018.1"
"CCDS53194.1|Mm108|chrX",345,128.296,1634,180.437,"Bex3",12070,"CCDS53194.1"
"CCDS53199.1|Mm108|chrX",1149,831.709,30,0.511017,"Esx1",13984,"CCDS53199.1"
"CCDS56636.1|Mm108|chr1",3858,3540.71,12.0161,0.0480794,"Gigyf2",227331,"CCDS56636.1"
"CCDS56651.1|Mm108|chr1",603,286.928,6,0.296254,"Prrx1",18933,"CCDS56651.1"
"CCDS56673.1|Mm108|chr10",5055,4737.71,114,0.340896,"Akap12",83397,"CCDS56673.1"
"CCDS56735.1|Mm108|chr10",525,216.873,173.146,11.3108,"Reep6",70335,"CCDS56735.1"
"CCDS56763.1|Mm108|chr11",10749,10431.7,3989.86,5.4186,"Usp34",17847,"CCDS56763.1"
"CCDS56771.1|Mm108|chr11",3219,2901.71,0,0,"Larp1",73158,"CCDS56771.1"
"CCDS56774.1|Mm108|chr11",22491,22173.7,79,0.0504748,"Obscn",380698,"CCDS56774.1"
"CCDS56957.1|Mm108|chr14",1698,1380.71,31,0.318086,"Acin1",56215,"CCDS56957.1"
"CCDS57072.1|Mm108|chr17",3369,3051.71,303,1.40665,"Bag6",224727,"CCDS57072.1"
"CCDS57073.1|Mm108|chr17",3411,3093.71,0,0,"Bag6",224727,"CCDS57073.1"
"CCDS57074.1|Mm108|chr17",1089,771.709,0,0,"H2-D1",14964,"CCDS57074.1"
"CCDS57077.1|Mm108|chr17",4821,4503.71,714039,2246.14,"Muc21",672682,"CCDS57077.1"
"CCDS57119.1|Mm108|chr18",1674,1356.71,412,4.30226,"Ik",24010,"CCDS57119.1"
"CCDS57146.1|Mm108|chr19",5049,4731.71,0,0,"Cfap43",100048534,"CCDS57146.1"
"CCDS57158.1|Mm108|chr2",1842,1524.71,0,0,"Gpsm1",67839,"CCDS57158.1"
"CCDS57238.1|Mm108|chr3",747,430.795,32.672,1.07446,"Anp32e",66471,"CCDS57238.1"
"CCDS57239.1|Mm108|chr3",414,167.086,292.328,24.7865,"Anp32e",66471,"CCDS57239.1"
"CCDS57264.1|Mm108|chr4",16749,16431.7,319,0.275039,"Mdn1",100019,"CCDS57264.1"
"CCDS57294.1|Mm108|chr4",15987,15669.7,15,0.0135618,"Macf1",11426,"CCDS57294.1"
"CCDS57347.1|Mm108|chr5",2706,2388.71,656.907,3.89607,"Limch1",77569,"CCDS57347.1"
"CCDS57386.1|Mm108|chr5",2877,2559.71,4.99543,0.0276483,"Gtf2i",14886,"CCDS57386.1"
"CCDS57387.1|Mm108|chr5",2889,2571.71,0.00456934,2.5172e-05,"Gtf2i",14886,"CCDS57387.1"
"CCDS57398.1|Mm108|chr5",2274,1956.71,0,0,"Sun1",77053,"CCDS57398.1"
"CCDS57532.1|Mm108|chr7",1770,1452.71,0,0,"Dyrk1b",13549,"CCDS57532.1"
"CCDS57583.1|Mm108|chr7",5691,5373.71,0,0,"Tnrc6a",233833,"CCDS57583.1"
"CCDS57628.1|Mm108|chr8",6966,6648.71,0,0,"Cacna1a",12286,"CCDS57628.1"
"CCDS57662.1|Mm108|chr9",4842,4524.71,18.7048,0.0585663,"Smarca4",20586,"CCDS57662.1"
"CCDS57704.1|Mm108|chr9",3378,3060.71,1015.66,4.70124,"Map4",17758,"CCDS57704.1"
"CCDS57773.1|Mm108|chrX",7071,6753.71,977,2.04945,"Armcx4",100503043,"CCDS57773.1"
"CCDS57779.1|Mm108|chrX",1680,1362.71,10,0.103964,"Pak3",18481,"CCDS57779.1"
"CCDS59573.1|Mm108|chr12",3999,3681.71,1,0.00384801,"Sos2",20663,"CCDS59573.1"
"CCDS59615.1|Mm108|chr14",5292,4974.71,261,0.74329,"Kat6b",54169,"CCDS59615.1"
"CCDS59625.1|Mm108|chr17",4023,3705.71,39.2284,0.149974,"Syngap1",240057,"CCDS59625.1"
"CCDS59684.1|Mm108|chr5",5958,5640.71,0,0,"Setd1b",208043,"CCDS59684.1"
"CCDS70185.1|Mm108|chr11",2097,1779.71,195,1.55228,"Kif3a",16568,"CCDS70185.1"
"CCDS70384.1|Mm108|chr12",1095,777.709,0,0,"Aldoart2",79459,"CCDS70384.1"
"CCDS70427.1|Mm108|chr13",2355,2037.71,0,0,"Pfkp",56421,"CCDS70427.1"
"CCDS70464.1|Mm108|chr13",3099,2781.71,5239,26.6822,"Ddx46",212880,"CCDS70464.1"
"CCDS70694.1|Mm108|chr16",2679,2361.71,94914.9,569.369,"Arvcf",11877,"CCDS70694.1"
"CCDS70817.1|Mm108|chr17",441,183.487,0.697327,0.0538414,"Vegfa",22339,"CCDS70817.1"
"CCDS71140.1|Mm108|chr2",2073,1755.71,720.008,5.80992,"Nphp1",53885,"CCDS71140.1"
"CCDS71154.1|Mm108|chr2",2010,1692.71,0.00980527,8.20659e-05,"Bfsp1",12075,"CCDS71154.1"
"CCDS71194.1|Mm108|chr2",3465,3147.71,0,0,"Zmynd8",228880,"CCDS71194.1"
"CCDS71462.1|Mm108|chr4",1770,1452.71,0,0,"Foxj3",230700,"CCDS71462.1"
"CCDS71478.1|Mm108|chr4",4422,4104.71,12,0.0414176,"Adgrb2",230775,"CCDS71478.1"
"CCDS71522.1|Mm108|chr4",2910,2592.71,10078.5,55.0718,"Clstn1",65945,"CCDS71522.1"
"CCDS71879.1|Mm108|chr7",753,436.795,1,0.0324346,"Tnnt1",21955,"CCDS71879.1"
"CCDS71951.1|Mm108|chr7",6003,5685.71,8.45991,0.0210798,"Myh14",71960,"CCDS71951.1"
"CCDS72151.1|Mm108|chr8",3978,3660.71,0,0,"Cngb1",333329,"CCDS72151.1"
"CCDS72203.1|Mm108|chr9",1359,1041.71,7,0.0952001,"Plppr2",235044,"CCDS72203.1"
"CCDS78575.1|Mm108|chr1",3627,3309.71,31,0.132696,"Map4k4",26921,"CCDS78575.1"
"CCDS78576.1|Mm108|chr1",3666,3348.71,7.59126e-07,3.21161e-09,"Map4k4",26921,"CCDS78576.1"
"CCDS78616.1|Mm108|chr1",2874,2556.71,0,0,"Usp37",319651,"CCDS78616.1"
"CCDS78860.1|Mm108|chr10",762,445.795,87352,2776.03,"Mbd3",17192,"CCDS78860.1"
"CCDS78953.1|Mm108|chr11",711,394.795,216,7.75118,"Rnf187",108660,"CCDS78953.1"
"CCDS78997.1|Mm108|chr11",5103,4785.71,13369,39.5766,"Myo18a",360013,"CCDS78997.1"
"CCDS79165.1|Mm108|chr13",2073,1755.71,0,0,"Amph",218038,"CCDS79165.1"
"CCDS79171.1|Mm108|chr13",3999,3681.71,0,0,"Carmil1",68732,"CCDS79171.1"
"CCDS79188.1|Mm108|chr13",2529,2211.71,14,0.089678,"Unc5a",107448,"CCDS79188.1"
"CCDS79280.1|Mm108|chr14",3201,2883.71,0,0,"Zmiz1",328365,"CCDS79280.1"
"CCDS79735.1|Mm108|chr2",1818,1500.71,0,0,"Cacnb2",12296,"CCDS79735.1"
"CCDS79940.1|Mm108|chr3",1521,1203.71,1.95286,0.0229845,"Mef2d",17261,"CCDS79940.1"
"CCDS79966.1|Mm108|chr3",609,292.928,0,0,"Chtop",66511,"CCDS79966.1"
"CCDS79967.1|Mm108|chr3",612,295.928,6,0.287244,"Chtop",66511,"CCDS79967.1"
"CCDS79983.1|Mm108|chr3",522,213.873,0,0,"Rbm8a",60365,"CCDS79983.1"
"CCDS80225.1|Mm108|chr5",1323,1005.71,23,0.323997,"Asic3",171209,"CCDS80225.1"
"CCDS80245.1|Mm108|chr5",6495,6177.71,0,0,"Cad",69719,"CCDS80245.1"
"CCDS80246.1|Mm108|chr5",6465,6147.71,0,0,"Cad",69719,"CCDS80246.1"
"CCDS80273.1|Mm108|chr5",8958,8640.71,0,0,"Bod1l",665775,"CCDS80273.1"
"CCDS80439.1|Mm108|chr5",2595,2277.71,2.99884,0.0186527,"Srrt",83701,"CCDS80439.1"
"CCDS80440.1|Mm108|chr5",2607,2289.71,0.00115612,7.15331e-06,"Srrt",83701,"CCDS80440.1"
"CCDS80534.1|Mm108|chr6",417,169.85,57,4.75439,"Hoxa1",15394,"CCDS80534.1"
"CCDS80613.1|Mm108|chr6",1080,762.709,11,0.204324,"Gapdh",14433,"CCDS80613.1"
"CCDS80678.1|Mm108|chr7",7533,7215.71,0,0,"Cic",71722,"CCDS80678.1"
"CCDS80806.1|Mm108|chr7",9816,9498.71,35930,53.5893,"Srcap",100043597,"CCDS80806.1"
"CCDS80900.1|Mm108|chr8",3225,2907.71,1.99579,0.0097241,"Zfp827",622675,"CCDS80900.1"
"CCDS80908.1|Mm108|chr8",1092,774.709,0,0,"Rad23a",19358,"CCDS80908.1"
"CCDS80941.1|Mm108|chr8",2853,2535.71,3.11743,0.0174174,"Zc3h18",76014,"CCDS80941.1"
"CCDS80968.1|Mm108|chr9",1872,1554.71,0,0,"Zfp653",319601,"CCDS80968.1"
"CCDS81048.1|Mm108|chr9",1395,1077.71,0,0,"Syncrip",56403,"CCDS81048.1"
"CCDS81066.1|Mm108|chr9",1602,1284.71,2.06078e-06,2.27254e-08,"Parp3",235587,"CCDS81066.1"
"CCDS81083.1|Mm108|chr9",2709,2391.71,3626.34,21.4806,"Map4",17758,"CCDS81083.1"
"CCDS83597.1|Mm108|chr1",4386,4068.71,0,0,"Camsap2",67886,"CCDS83597.1"
"CCDS83598.1|Mm108|chr1",4419,4101.71,0,0,"Camsap2",67886,"CCDS83598.1"
"CCDS83688.1|Mm108|chr10",246,71.488,22,4.35989,"Akap7",432442,"CCDS83688.1"
"CCDS83762.1|Mm108|chr10",3012,2694.71,365.869,1.92353,"Mbd6",110962,"CCDS83762.1"
"CCDS83849.1|Mm108|chr11",5169,4851.71,1.68736e-05,4.92717e-08,"Myo18a",360013,"CCDS83849.1"
"CCDS84099.1|Mm108|chr14",2373,2055.71,0,0,"Slmap",83997,"CCDS84099.1"
"CCDS84102.1|Mm108|chr14",2934,2616.71,0,0,"Erc2",238988,"CCDS84102.1"
"CCDS84123.1|Mm108|chr14",3759,3441.71,90.8178,0.373837,"Ktn1",16709,"CCDS84123.1"
"CCDS84125.1|Mm108|chr14",3744,3426.71,62512.5,258.449,"Ktn1",16709,"CCDS84125.1"
"CCDS84213.1|Mm108|chr16",4761,4443.71,7.99999,0.0255053,"Eif4g1",208643,"CCDS84213.1"
"CCDS84243.1|Mm108|chr16",876,559.61,20,0.506326,"Senp7",66315,"CCDS84243.1"
"CCDS84556.1|Mm108|chr2",1926,1608.71,0,0,"Phf21a",192285,"CCDS84556.1"
"CCDS84815.1|Mm108|chr4",10863,10545.7,81.9953,0.110154,"Spen",56381,"CCDS84815.1"
"CCDS84837.1|Mm108|chr4",2253,1935.71,848732,6211.78,"Cdk11b",12537,"CCDS84837.1"
"CCDS84922.1|Mm108|chr5",1974,1656.71,0.000288909,2.47059e-06,"Arhgap24",231532,"CCDS84922.1"
"CCDS84987.1|Mm108|chr5",2286,1968.71,6,0.0431773,"Iqce",74239,"CCDS84987.1"
"CCDS85029.1|Mm108|chr6",1611,1293.71,0.000757806,8.29864e-06,"Cald1",109624,"CCDS85029.1"
"CCDS85157.1|Mm108|chr6",2508,2190.71,0,0,"Usp5",22225,"CCDS85157.1"
"CCDS85425.1|Mm108|chr7",1554,1236.71,0,0,"Fus",233908,"CCDS85425.1"
"CCDS85436.1|Mm108|chr7",5874,5556.71,0,0,"Dmbt1",12945,"CCDS85436.1"
"CCDS87891.1|Mm108|chr1",2412,2094.71,0,0,"Rgl1",19731,"CCDS87891.1"
"CCDS87972.1|Mm108|chr10",2385,2067.71,0,0,"Epb41l2",13822,"CCDS87972.1"
"CCDS87973.1|Mm108|chr10",2757,2439.71,0,0,"Epb41l2",13822,"CCDS87973.1"
"CCDS88178.1|Mm108|chr11",2295,1977.71,0,0,"Dlg4",13385,"CCDS88178.1"
"CCDS88660.1|Mm108|chr14",879,562.61,8317.08,209.435,"Hnrnpc",15381,"CCDS88660.1"
"CCDS88661.1|Mm108|chr14",882,565.61,2.91583,0.073035,"Hnrnpc",15381,"CCDS88661.1"
"CCDS88714.1|Mm108|chr14",2049,1731.71,0,0,"Lrch1",380916,"CCDS88714.1"
"CCDS88715.1|Mm108|chr14",5193,4875.71,15.0945,0.0438598,"Zc3h13",67302,"CCDS88715.1"
"CCDS88894.1|Mm108|chr16",2697,2379.71,1.10744,0.006593,"Arvcf",11877,"CCDS88894.1"
"CCDS89035.1|Mm108|chr17",465,201.211,3284,231.226,"Rps10",67097,"CCDS89035.1"
"CCDS89061.1|Mm108|chr17",522,213.873,686,45.4416,"Cryaa",12954,"CCDS89061.1"
"CCDS89093.1|Mm108|chr17",642,325.928,1,0.0434674,"Znrd1as",76416,"CCDS89093.1"
"CCDS89142.1|Mm108|chr17",2736,2418.71,42,0.246009,"Epb41l3",13823,"CCDS89142.1"
"CCDS89318.1|Mm108|chr19",2370,2052.71,30,0.207052,"Scyl1",78891,"CCDS89318.1"
"CCDS89405.1|Mm108|chr19",2106,1788.71,35.1467,0.278375,"Nolc1",70769,"CCDS89405.1"
"CCDS89406.1|Mm108|chr19",2103,1785.71,432.988,3.43519,"Nolc1",70769,"CCDS89406.1"
"CCDS89430.1|Mm108|chr2",5841,5523.71,8,0.0205185,"Etl4",208618,"CCDS89430.1"
"CCDS89463.1|Mm108|chr2",7419,7101.71,0.000593066,1.18311e-06,"Sptan1",20740,"CCDS89463.1"
"CCDS89573.1|Mm108|chr2",4671,4353.71,320.517,1.04298,"Epb41l1",13821,"CCDS89573.1"
"CCDS89615.1|Mm108|chr3",1770,1452.71,4.08197e-06,3.98086e-08,"Ythdf3",229096,"CCDS89615.1"
"CCDS89635.1|Mm108|chr3",879,562.61,0,0,"Rsrc1",66880,"CCDS89635.1"
"CCDS89715.1|Mm108|chr3",963,646.291,19,0.416496,"Zranb2",53861,"CCDS89715.1"
"CCDS89754.1|Mm108|chr4",1662,1344.71,14,0.147498,"Zfp37",22696,"CCDS89754.1"
"CCDS89836.1|Mm108|chr4",5709,5391.71,17,0.0446692,"Arid1a",93760,"CCDS89836.1"
"CCDS89925.1|Mm108|chr5",2697,2379.71,186224,1108.66,"Limch1",77569,"CCDS89925.1"
"CCDS90496.1|Mm108|chr9",3513,3195.71,428.386,1.89913,"Maml2",270118,"CCDS90496.1"
"CCDS90627.1|Mm108|chr9",1401,1083.71,0,0,"Scg3",20255,"CCDS90627.1"
"CCDS90741.1|Mm108|chrX",1686,1368.71,136,1.40771,"Gm4779",102634296,"CCDS90741.1"
"CCDS14922.1|Mm108|chr1",840,523.61,1,0.0270569,"Fhl2",14200,"CCDS14922.1"
"CCDS15133.1|Mm108|chr1",3876,3558.71,0.00609831,2.42774e-05,"Gigyf2",227331,"CCDS15133.1"
"CCDS15146.1|Mm108|chr1",579,264.117,1,0.05364,"Arl4c",320982,"CCDS15146.1"
"CCDS15235.1|Mm108|chr1",1206,888.709,2,0.0318828,"En1",13798,"CCDS15235.1"
"CCDS15387.1|Mm108|chr1",1563,1245.71,78,0.887082,"Tor1aip1",208263,"CCDS15387.1"
"CCDS15759.2|Mm108|chr2",2250,1932.71,1,0.00733026,"Tprn",97031,"CCDS15759.2"
"CCDS15842.1|Mm108|chr2",1545,1227.71,7,0.0807771,"Gtf3c5",70239,"CCDS15842.1"
"CCDS16122.1|Mm108|chr2",2352,2034.71,1,0.00696279,"Sp3",20687,"CCDS16122.1"
"CCDS16142.1|Mm108|chr2",1020,702.709,7,0.141126,"Hoxd9",15438,"CCDS16142.1"
"CCDS16505.1|Mm108|chr2",1965,1647.71,26.2565,0.225757,"Kcna4",16492,"CCDS16505.1"
"CCDS16557.1|Mm108|chr2",1029,711.709,1,0.019906,"Aven",74268,"CCDS16557.1"
"CCDS16639.1|Mm108|chr2",4311,3993.71,9,0.0319265,"Ppip5k1",327655,"CCDS16639.1"
"CCDS16744.1|Mm108|chr2",603,286.928,1180,58.2633,"Mrps26",99045,"CCDS16744.1"
"CCDS16832.1|Mm108|chr2",2088,1770.71,7,0.0560063,"Kiz",228730,"CCDS16832.1"
"CCDS17342.2|Mm108|chr3",3408,3090.71,48.0619,0.220307,"Maml3",433586,"CCDS17342.2"
"CCDS17393.1|Mm108|chr3",996,678.709,7,0.146117,"Shox2",20429,"CCDS17393.1"
"CCDS17416.1|Mm108|chr3",1968,1650.71,8,0.0686602,"Golim4",73124,"CCDS17416.1"
"CCDS17528.1|Mm108|chr3",3126,2808.71,2,0.0100881,"Ints3",229543,"CCDS17528.1"
"CCDS17682.1|Mm108|chr3",3585,3267.71,1,0.00433553,"Igsf3",78908,"CCDS17682.1"
"CCDS17851.2|Mm108|chr3",1101,783.709,2,0.0361544,"Cxxc4",319478,"CCDS17851.2"
"CCDS18151.1|Mm108|chr4",819,502.61,1,0.0281874,"Anp32b",67628,"CCDS18151.1"
"CCDS18194.1|Mm108|chr4",1251,933.709,14335,217.506,"Rad23b",19359,"CCDS18194.1"
"CCDS18381.1|Mm108|chr4",2355,2037.71,1671,11.6177,"Usp1",230484,"CCDS18381.1"
"CCDS18427.1|Mm108|chr4",1167,849.709,1,0.0166731,"Ssbp3",72475,"CCDS18427.1"
"CCDS18665.1|Mm108|chr4",2934,2616.71,14.4488,0.0782282,"Dlgap3",242667,"CCDS18665.1"
"CCDS18788.1|Mm108|chr4",1608,1290.71,5,0.0548817,"Ifnlr1",242700,"CCDS18788.1"
"CCDS18858.1|Mm108|chr4",849,532.61,64,1.70238,"Sdhb",67680,"CCDS18858.1"
"CCDS19008.1|Mm108|chr4",1920,1602.71,2,0.0176791,"Ccdc27",381580,"CCDS19008.1"
"CCDS19116.1|Mm108|chr5",3489,3171.71,1,0.00446676,"Kcnh2",16511,"CCDS19116.1"
"CCDS19271.1|Mm108|chr5",1122,804.709,4.11808e-05,7.25006e-07,"Ldb2",16826,"CCDS19271.1"
"CCDS19360.1|Mm108|chr5",2568,2250.71,0.95752,0.00602718,"Clock",12753,"CCDS19360.1"
"CCDS19529.1|Mm108|chr5",9108,8790.71,2.93218e-07,4.72555e-10,"Ep400",75560,"CCDS19529.1"
"CCDS19603.2|Mm108|chr5",1677,1359.71,3,0.031258,"Vsig10",231668,"CCDS19603.2"
"CCDS19616.1|Mm108|chr5",2859,2541.71,27.2163,0.151701,"Rbm19",74111,"CCDS19616.1"
"CCDS19745.2|Mm108|chr5",966,648.709,1,0.0218392,"Styxl1",76571,"CCDS19745.2"
"CCDS19847.1|Mm108|chr5",594,277.956,1,0.0509694,"Bhlha15",17341,"CCDS19847.1"
"CCDS19878.1|Mm108|chr5",936,619.55,11.0192,0.251975,"Cdx2",12591,"CCDS19878.1"
"CCDS20125.1|Mm108|chr6",423,174.595,1364,110.68,"Ccdc126",57895,"CCDS20125.1"
"CCDS20317.1|Mm108|chr6",2637,2319.71,1,0.00610734,"Aak1",269774,"CCDS20317.1"
"CCDS20391.1|Mm108|chr6",1254,936.709,1,0.0151245,"Ppp4r2",232314,"CCDS20391.1"
"CCDS20554.1|Mm108|chr6",1809,1491.71,1,0.00949733,"Kcna5",16493,"CCDS20554.1"
"CCDS20676.1|Mm108|chr6",3426,3108.71,2,0.00911456,"Pde3a",54611,"CCDS20676.1"
"CCDS21016.1|Mm108|chr7",1815,1497.71,4.42074,0.0418171,"Numbl",18223,"CCDS21016.1"
"CCDS21101.1|Mm108|chr7",8142,7824.71,1.00495,0.00181954,"Kmt2b",75410,"CCDS21101.1"
"CCDS21109.1|Mm108|chr7",1317,999.709,0.999871,0.0141695,"Gapdhs",14447,"CCDS21109.1"
"CCDS21974.1|Mm108|chr7",924,607.55,1,0.0233187,"Olfr530",258512,"CCDS21974.1"
"CCDS22024.1|Mm108|chr7",1992,1674.71,1.30568,0.0110454,"Dusp8",18218,"CCDS22024.1"
"CCDS22426.1|Mm108|chr8",1869,1551.71,3,0.0273903,"Tmem184c",234463,"CCDS22426.1"
"CCDS22517.1|Mm108|chr8",8610,8292.71,19.9964,0.0341619,"Chd9",109151,"CCDS22517.1"
"CCDS22616.1|Mm108|chr8",918,601.61,1.00011,0.0235515,"Thap11",59016,"CCDS22616.1"
"CCDS22651.1|Mm108|chr8",11172,10854.7,56.1613,0.0733001,"Zfhx3",11906,"CCDS22651.1"
"CCDS22713.1|Mm108|chr8",1842,1524.71,1,0.00929178,"Klhl36",234796,"CCDS22713.1"
"CCDS23259.1|Mm108|chr9",4242,3924.71,0.36822,0.00132918,"Uaca",72565,"CCDS23259.1"
"CCDS23276.1|Mm108|chr9",309,108.911,1.54021,0.200351,"Snapc5",330959,"CCDS23276.1"
"CCDS23314.1|Mm108|chr9",1572,1254.71,3,0.0338738,"Rora",19883,"CCDS23314.1"
"CCDS23435.1|Mm108|chr9",1653,1335.71,5.40495,0.0573278,"Dbr1",83703,"CCDS23435.1"
"CCDS24167.2|Mm108|chr10",1218,900.709,1,0.015729,"Phlda1",21664,"CCDS24167.2"
"CCDS24203.1|Mm108|chr10",3225,2907.71,11,0.0535954,"Helb",117599,"CCDS24203.1"
"CCDS24632.2|Mm108|chr11",3063,2745.71,1,0.00515978,"Maml1",103806,"CCDS24632.2"
"CCDS24634.1|Mm108|chr11",1350,1032.71,9,0.123467,"Hnrnph1",59013,"CCDS24634.1"
"CCDS24843.1|Mm108|chr11",2808,2490.71,14.1015,0.0802098,"Myocd",214384,"CCDS24843.1"
"CCDS25044.1|Mm108|chr11",1872,1554.71,1,0.00911248,"Rpa1",68275,"CCDS25044.1"
"CCDS25250.1|Mm108|chr11",1089,771.709,3,0.0550749,"Tob1",22057,"CCDS25250.1"
"CCDS25446.1|Mm108|chr11",1692,1374.71,2,0.0206113,"Coasy",71743,"CCDS25446.1"
"CCDS25957.1|Mm108|chr12",2553,2235.71,1,0.00633681,"Pygl",110095,"CCDS25957.1"
"CCDS26068.1|Mm108|chr12",2328,2010.71,2.10855,0.0148566,"Irf2bpl",238330,"CCDS26068.1"
"CCDS26427.1|Mm108|chr13",1983,1665.71,1,0.00850524,"Wrnip1",78903,"CCDS26427.1"
"CCDS26779.1|Mm108|chr13",4098,3780.71,1,0.00374725,"Dhx29",218629,"CCDS26779.1"
"CCDS27319.1|Mm108|chr14",1266,948.709,2,0.0298664,"Pou4f1",18996,"CCDS27319.1"
"CCDS27348.1|Mm108|chr14",1869,1551.71,1,0.0091301,"Zic5",65100,"CCDS27348.1"
"CCDS27515.1|Mm108|chr15",1209,891.709,4,0.063551,"Kcnk9",223604,"CCDS27515.1"
"CCDS27693.1|Mm108|chr15",5898,5580.71,11.9047,0.0302213,"Tcf20",21411,"CCDS27693.1"
"CCDS27752.1|Mm108|chr15",2493,2175.71,1,0.00651156,"Mapk8ip2",60597,"CCDS27752.1"
"CCDS27799.1|Mm108|chr15",3507,3189.71,0.0564284,0.000250629,"Adcy6",11512,"CCDS27799.1"
"CCDS27915.1|Mm108|chr16",7326,7008.71,12.7964,0.0258665,"Crebbp",12914,"CCDS27915.1"
"CCDS27954.1|Mm108|chr16",306,107.475,1,0.131819,"Prm3",19120,"CCDS27954.1"
"CCDS27972.1|Mm108|chr16",5817,5499.71,2,0.005152,"Myh11",17880,"CCDS27972.1"
"CCDS28098.1|Mm108|chr16",849,532.61,1,0.0265997,"Hes1",15205,"CCDS28098.1"
"CCDS28222.1|Mm108|chr16",3114,2796.71,5,0.0253284,"Senp7",66315,"CCDS28222.1"
"CCDS28576.1|Mm108|chr17",654,337.795,1,0.0419404,"Rpl10a",19896,"CCDS28576.1"
"CCDS28641.1|Mm108|chr17",2397,2079.71,135,0.919638,"Brd2",14312,"CCDS28641.1"
"CCDS28876.1|Mm108|chr17",2295,1977.71,2.12286,0.015207,"Satb1",20230,"CCDS28876.1"
"CCDS29124.1|Mm108|chr18",2061,1743.71,5,0.0406239,"Epb41l4a",13824,"CCDS29124.1"
"CCDS29261.1|Mm108|chr18",1767,1449.71,5672,55.4295,"Lmnb1",16906,"CCDS29261.1"
"CCDS29297.1|Mm108|chr18",870,553.61,65,1.66339,"Txnl1",53382,"CCDS29297.1"
"CCDS29454.1|Mm108|chr19",2637,2319.71,4,0.0244294,"Sf3b2",319322,"CCDS29454.1"
"CCDS29720.1|Mm108|chr19",4752,4434.71,16.6815,0.0532913,"Smarca2",67155,"CCDS29720.1"
"CCDS29750.1|Mm108|chr19",1260,942.709,2,0.0300565,"Sgms1",208449,"CCDS29750.1"
"CCDS29927.1|Mm108|chr19",744,427.795,1,0.0331169,"Trub1",72133,"CCDS29927.1"
"CCDS30018.1|Mm108|chrX",549,239.431,9,0.532536,"Mid1ip1",68041,"CCDS30018.1"
"CCDS30235.1|Mm108|chrX",1788,1470.71,1,0.00963294,"Gab3",210710,"CCDS30235.1"
"CCDS30287.1|Mm108|chrX",2280,1962.71,1,0.00721821,"Las1l",76130,"CCDS30287.1"
"CCDS30294.1|Mm108|chrX",2700,2382.71,5,0.0297293,"Ar",11835,"CCDS30294.1"
"CCDS30372.1|Mm108|chrX",1635,1317.71,1,0.0107514,"Nap1l3",54561,"CCDS30372.1"
"CCDS30452.1|Mm108|chrX",1035,717.709,1,0.0197396,"Ammecr1",56068,"CCDS30452.1"
"CCDS35661.1|Mm108|chr1",525,216.873,6,0.39195,"Glrp1",14659,"CCDS35661.1"
"CCDS36050.1|Mm108|chr10",336,120.899,1,0.117182,"Lin7a",108030,"CCDS36050.1"
"CCDS36102.1|Mm108|chr11",2742,2424.71,1,0.00584287,"Znrf3",407821,"CCDS36102.1"
"CCDS36402.1|Mm108|chr12",927,610.55,2,0.0464082,"Laptm4a",17775,"CCDS36402.1"
"CCDS36571.1|Mm108|chr12",3816,3498.71,1,0.00404928,"Inf2",70435,"CCDS36571.1"
"CCDS36759.1|Mm108|chr13",1371,1053.71,1,0.0134451,"Foxd1",15229,"CCDS36759.1"
"CCDS36918.1|Mm108|chr14",3996,3678.71,11,0.0423626,"Rpgrip1",77945,"CCDS36918.1"
"CCDS37220.1|Mm108|chr15",2124,1806.71,2,0.0156829,"Krt2",16681,"CCDS37220.1"
"CCDS37232.1|Mm108|chr15",1122,804.709,4,0.0704218,"Hnrnpa1",15382,"CCDS37232.1"
"CCDS37481.1|Mm108|chr17",699,382.795,1,0.03701,"Sbpl",638345,"CCDS37481.1"
"CCDS37554.1|Mm108|chr17",2172,1854.71,1,0.00763853,"Brd4",57261,"CCDS37554.1"
"CCDS37603.1|Mm108|chr17",2625,2307.71,2,0.0122782,"Ddr1",12305,"CCDS37603.1"
"CCDS37636.2|Mm108|chr17",7593,7275.71,14,0.0272608,"Cul9",78309,"CCDS37636.2"
"CCDS37650.1|Mm108|chr17",2448,2130.71,21,0.139631,"Tbc1d5",72238,"CCDS37650.1"
"CCDS37886.1|Mm108|chr19",3486,3168.71,23,0.102833,"Kdm2a",225876,"CCDS37886.1"
"CCDS37912.1|Mm108|chr19",2631,2313.71,2.99869,0.0183615,"Incenp",16319,"CCDS37912.1"
"CCDS38005.1|Mm108|chr19",4935,4617.71,3.49853,0.0107336,"Pprc1",226169,"CCDS38005.1"
"CCDS38043.1|Mm108|chr2",2460,2142.71,1,0.00661184,"Usp6nl",98910,"CCDS38043.1"
"CCDS38056.1|Mm108|chr2",2013,1695.71,2,0.0167095,"Apbb1ip",54519,"CCDS38056.1"
"CCDS38164.1|Mm108|chr2",1509,1191.71,22,0.26154,"Slc43a3",58207,"CCDS38164.1"
"CCDS38295.1|Mm108|chr2",6210,5892.71,89.3131,0.214727,"Ncoa6",56406,"CCDS38295.1"
"CCDS38333.1|Mm108|chr2",4212,3894.71,4.10922,0.0149475,"Ncoa3",17979,"CCDS38333.1"
"CCDS38342.1|Mm108|chr2",3327,3009.71,82,0.385989,"Adnp",11538,"CCDS38342.1"
"CCDS38382.1|Mm108|chr3",10746,10428.7,6,0.00815091,"Zfhx4",80892,"CCDS38382.1"
"CCDS38495.1|Mm108|chr3",2199,1881.71,3,0.0225868,"Kcnn3",140493,"CCDS38495.1"
"CCDS38502.2|Mm108|chr3",4533,4215.71,7.83767e-06,2.63392e-08,"Dennd4b",229541,"CCDS38502.2"
"CCDS38676.1|Mm108|chr3",1008,690.709,1,0.0205112,"St6galnac5",26938,"CCDS38676.1"
"CCDS38942.2|Mm108|chr4",5130,4812.71,2,0.00588743,"Prdm2",110593,"CCDS38942.2"
"CCDS39033.1|Mm108|chr5",14715,14397.7,2.06379,0.00203076,"Kmt2c",231051,"CCDS39033.1"
"CCDS39039.1|Mm108|chr5",3171,2853.71,20.8723,0.10362,"Paxip1",55982,"CCDS39039.1"
"CCDS39123.1|Mm108|chr5",2721,2403.71,1,0.00589391,"Cenpc1",12617,"CCDS39123.1"
"CCDS39178.1|Mm108|chr5",2067,1749.71,8,0.0647754,"Prdm8",77630,"CCDS39178.1"
"CCDS39214.1|Mm108|chr5",3894,3576.71,21.8002,0.08635,"Mn1",433938,"CCDS39214.1"
"CCDS39527.1|Mm108|chr6",2217,1899.71,1,0.00745759,"Ccdc142",243510,"CCDS39527.1"
"CCDS39578.1|Mm108|chr6",2118,1800.71,50.4928,0.397257,"Foxp1",108655,"CCDS39578.1"
"CCDS39620.1|Mm108|chr6",2877,2559.71,7.15441,0.0395976,"Phc1",13619,"CCDS39620.1"
"CCDS39737.1|Mm108|chr7",2571,2253.71,4,0.0251448,"Ppp6r1",243819,"CCDS39737.1"
"CCDS40000.1|Mm108|chr7",4251,3933.71,126.846,0.456835,"Blm",12144,"CCDS40000.1"
"CCDS40389.1|Mm108|chr8",2817,2499.71,6.37244,0.0361162,"Cherp",27967,"CCDS40389.1"
"CCDS40464.1|Mm108|chr8",4377,4059.71,7.22602,0.0252168,"Nfat5",54446,"CCDS40464.1"
"CCDS40535.1|Mm108|chr9",2907,2589.71,6.53011,0.0357236,"Amotl1",75723,"CCDS40535.1"
"CCDS40600.1|Mm108|chr9",378,156.294,2,0.18129,"Rps25",75617,"CCDS40600.1"
"CCDS40759.1|Mm108|chr9",4404,4086.71,6,0.0208,"Rad54l2",81000,"CCDS40759.1"
"CCDS40983.1|Mm108|chrX",2274,1956.71,3,0.021721,"Htatsf1",72459,"CCDS40983.1"
"CCDS41160.1|Mm108|chrX",2322,2004.71,1,0.00706699,"Lrch2",210297,"CCDS41160.1"
"CCDS41204.1|Mm108|chrX",1626,1308.71,1,0.0108254,"Zrsr2",22184,"CCDS41204.1"
"CCDS48303.1|Mm108|chr1",2001,1683.71,1,0.00841431,"Armc9",78795,"CCDS48303.1"
"CCDS48306.1|Mm108|chr1",1863,1545.71,1,0.00916554,"Ngef",53972,"CCDS48306.1"
"CCDS48478.1|Mm108|chr1",4164,3846.71,2,0.00736591,"Rab3gap2",98732,"CCDS48478.1"
"CCDS48511.1|Mm108|chr10",1086,768.709,3,0.0552898,"Mtfr2",71804,"CCDS48511.1"
"CCDS48681.1|Mm108|chr10",870,553.61,0.296046,0.00757601,"Gm4303",100043231,"CCDS48681.1"
"CCDS48682.1|Mm108|chr10",870,553.61,0.296046,0.00757601,"Gm4305",100043235,"CCDS48682.1"
"CCDS48683.1|Mm108|chr10",870,553.61,0.296046,0.00757601,"Gm4307",100043239,"CCDS48683.1"
"CCDS48703.1|Mm108|chr10",2757,2439.71,1,0.00580694,"Lemd3",380664,"CCDS48703.1"
"CCDS48718.1|Mm108|chr10",3039,2721.71,2.67239e-08,1.39105e-10,"R3hdm2",71750,"CCDS48718.1"
"CCDS48880.1|Mm108|chr11",1557,1239.71,16.1744,0.18484,"Vezf1",22344,"CCDS48880.1"
"CCDS49003.1|Mm108|chr11",7932,7614.71,106.356,0.197877,"Bahcc1",268515,"CCDS49003.1"
"CCDS49024.1|Mm108|chr12",1188,870.709,8,0.130168,"Hs1bp3",58240,"CCDS49024.1"
"CCDS49217.1|Mm108|chr13",2919,2601.71,1,0.00544536,"Pom121l2",195236,"CCDS49217.1"
"CCDS49439.1|Mm108|chr14",1137,819.709,1,0.0172833,"Fam170b",105511,"CCDS49439.1"
"CCDS49504.1|Mm108|chr14",2577,2259.71,4,0.025078,"Mphosph8",75339,"CCDS49504.1"
"CCDS49681.1|Mm108|chr15",5964,5646.71,2.73587e-07,6.86414e-10,"Tcf20",21411,"CCDS49681.1"
"CCDS49725.2|Mm108|chr15",16767,16449.7,60.4902,0.052097,"Kmt2d",381022,"CCDS49725.2"
"CCDS49779.1|Mm108|chr16",2382,2064.71,1.79543,0.0123196,"Smpd4",77626,"CCDS49779.1"
"CCDS49781.1|Mm108|chr16",2385,2067.71,0.204569,0.00140164,"Smpd4",77626,"CCDS49781.1"
"CCDS50094.1|Mm108|chr17",1785,1467.71,1,0.00965263,"Ppp1r18",76448,"CCDS50094.1"
"CCDS50125.1|Mm108|chr17",3927,3609.71,1,0.00392476,"Ttbk1",106763,"CCDS50125.1"
"CCDS50136.1|Mm108|chr17",2022,1704.71,9,0.0747959,"Foxp4",74123,"CCDS50136.1"
"CCDS50242.1|Mm108|chr18",816,499.61,3,0.0850698,"Wdr33",74320,"CCDS50242.1"
"CCDS50320.1|Mm108|chr18",1983,1665.71,1,0.00850524,"Cxxc1",74322,"CCDS50320.1"
"CCDS50366.1|Mm108|chr19",1854,1536.71,25.1906,0.232237,"Men1",17283,"CCDS50366.1"
"CCDS50367.1|Mm108|chr19",1671,1353.71,0.809433,0.00847113,"Men1",17283,"CCDS50367.1"
"CCDS51058.1|Mm108|chr3",1665,1347.71,2,0.0210242,"Cdc14a",229776,"CCDS51058.1"
"CCDS51286.1|Mm108|chr4",3750,3432.71,1,0.00412713,"Cfap57",68625,"CCDS51286.1"
"CCDS51323.1|Mm108|chr4",4551,4233.71,228,0.762956,"Crybg2",230806,"CCDS51323.1"
"CCDS51329.1|Mm108|chr4",2757,2439.71,1.17689e-07,6.83413e-10,"Srrm1",51796,"CCDS51329.1"
"CCDS51394.1|Mm108|chr4",5748,5430.71,1,0.00260873,"Chd5",269610,"CCDS51394.1"
"CCDS51448.1|Mm108|chr5",3696,3378.71,1,0.0041931,"Rbm33",381626,"CCDS51448.1"
"CCDS51460.1|Mm108|chr5",2148,1830.71,7,0.0541707,"Slc4a1ap",20534,"CCDS51460.1"
"CCDS51487.1|Mm108|chr5",2979,2661.71,1,0.00532262,"Cpeb2",231207,"CCDS51487.1"
"CCDS51612.1|Mm108|chr5",9000,8682.71,31.5285,0.0514439,"Ep400",75560,"CCDS51612.1"
"CCDS51673.1|Mm108|chr5",3135,2817.71,78,0.392179,"Gigyf1",57330,"CCDS51673.1"
"CCDS51719.1|Mm108|chr6",894,577.61,50.973,1.25023,"Dlx6",13396,"CCDS51719.1"
"CCDS51837.1|Mm108|chr6",1395,1077.71,0.091285,0.00120001,"D6Ertd527e",52372,"CCDS51837.1"
"CCDS52264.1|Mm108|chr7",3855,3537.71,307,1.22942,"Magel2",27385,"CCDS52264.1"
"CCDS52278.1|Mm108|chr7",4044,3726.71,0.769199,0.00292415,"Kif7",16576,"CCDS52278.1"
"CCDS52281.1|Mm108|chr7",4260,3942.71,4.15435,0.0149277,"Blm",12144,"CCDS52281.1"
"CCDS52283.1|Mm108|chr7",2382,2064.71,4,0.0274465,"Whamm",434204,"CCDS52283.1"
"CCDS52387.1|Mm108|chr7",5373,5055.71,1,0.00280223,"Rbbp6",19647,"CCDS52387.1"
"CCDS52968.1|Mm108|chr9",2190,1872.71,1,0.00756511,"Zfp651",270210,"CCDS52968.1"
"CCDS56638.1|Mm108|chr1",1767,1449.71,3,0.0293174,"Atg16l1",77040,"CCDS56638.1"
"CCDS56711.1|Mm108|chr10",5373,5055.71,2,0.00560446,"Pcdh15",11994,"CCDS56711.1"
"CCDS57154.1|Mm108|chr2",2730,2412.71,8.04601,0.0472456,"Skida1",72668,"CCDS57154.1"
"CCDS57249.1|Mm108|chr3",654,337.795,1,0.0419404,"Tspan2",70747,"CCDS57249.1"
"CCDS57382.1|Mm108|chr5",6762,6444.71,163.578,0.359589,"Ncor2",20602,"CCDS57382.1"
"CCDS57442.1|Mm108|chr6",2022,1704.71,55.364,0.460111,"Foxp1",108655,"CCDS57442.1"
"CCDS57619.1|Mm108|chr8",3591,3273.71,4,0.0173103,"Sorbs2",234214,"CCDS57619.1"
"CCDS57644.1|Mm108|chr8",4068,3750.71,49,0.185084,"Phlpp2",244650,"CCDS57644.1"
"CCDS57760.1|Mm108|chrX",2301,1983.71,31.8457,0.227436,"Mamld1",333639,"CCDS57760.1"
"CCDS59667.1|Mm108|chr5",14592,14274.7,1,0.000992472,"Pclo",26875,"CCDS59667.1"
"CCDS69884.1|Mm108|chr1",3690,3372.71,8,0.0336044,"Aff3",16764,"CCDS69884.1"
"CCDS70176.1|Mm108|chr11",1215,897.709,6.2213,0.0981819,"Sqstm1",18412,"CCDS70176.1"
"CCDS70815.1|Mm108|chr17",1266,948.709,13.9726,0.208655,"Runx2",12393,"CCDS70815.1"
"CCDS71079.1|Mm108|chr2",2787,2469.71,1,0.00573641,"Osbpl6",99031,"CCDS71079.1"
"CCDS71113.1|Mm108|chr2",3615,3297.71,1,0.00429609,"Fmn1",14260,"CCDS71113.1"
"CCDS71195.1|Mm108|chr2",3708,3390.71,4,0.016713,"Zmynd8",228880,"CCDS71195.1"
"CCDS71374.1|Mm108|chr4",855,538.61,1.46437,0.0385178,"Tpm2",22004,"CCDS71374.1"
"CCDS71726.1|Mm108|chr6",2082,1764.71,40.9818,0.329006,"Foxp2",114142,"CCDS71726.1"
"CCDS71933.1|Mm108|chr7",1323,1005.71,0.00012949,1.8241e-06,"Gapdhs",14447,"CCDS71933.1"
"CCDS72201.1|Mm108|chr9",2118,1800.71,15.279,0.120209,"Kri1",215194,"CCDS72201.1"
"CCDS72288.1|Mm108|chr9",1749,1431.71,1,0.00989534,"Snap91",20616,"CCDS72288.1"
"CCDS78689.1|Mm108|chr1",1116,798.709,5,0.0886885,"Elf3",13710,"CCDS78689.1"
"CCDS78890.1|Mm108|chr10",795,478.61,0.5,0.0148004,"Gm6763",627488,"CCDS78890.1"
"CCDS78891.1|Mm108|chr10",795,478.61,0.5,0.0148004,"Gm8764",667692,"CCDS78891.1"
"CCDS78892.1|Mm108|chr10",795,478.61,0.5,0.0148004,"Gm21312",100861901,"CCDS78892.1"
"CCDS78893.1|Mm108|chr10",795,478.61,0.5,0.0148004,"Gm20765",637578,"CCDS78893.1"
"CCDS79318.1|Mm108|chr14",1656,1338.71,1,0.0105828,"Tmem260",218989,"CCDS79318.1"
"CCDS79579.1|Mm108|chr17",635,318.928,1,0.0444215,"Tmem247",78469,"CCDS79579.1"
"CCDS79912.1|Mm108|chr3",6558,6240.71,12.6332,0.0286791,"Med12l",329650,"CCDS79912.1"
"CCDS79990.1|Mm108|chr3",2304,1986.71,3,0.021393,"Csde1",229663,"CCDS79990.1"
"CCDS80739.1|Mm108|chr7",4047,3729.71,0.230801,0.000876694,"Kif7",16576,"CCDS80739.1"
"CCDS80775.1|Mm108|chr7",2127,1809.71,5.95787,0.046641,"Apbb1",11785,"CCDS80775.1"
"CCDS80776.1|Mm108|chr7",2133,1815.71,0.0421299,0.000328723,"Apbb1",11785,"CCDS80776.1"
"CCDS80912.1|Mm108|chr8",8658,8340.71,0.00355765,6.04291e-06,"Chd9",109151,"CCDS80912.1"
"CCDS83704.1|Mm108|chr10",996,678.709,20,0.417477,"Hnrnph3",432467,"CCDS83704.1"
"CCDS83943.1|Mm108|chr11",7932,7614.71,106.356,0.197877,"Bahcc1",268515,"CCDS83943.1"
"CCDS84136.1|Mm108|chr14",3603,3285.71,11376.7,49.0539,"Ktn1",16709,"CCDS84136.1"
"CCDS84260.1|Mm108|chr16",3552,3234.71,2.40025,0.0105125,"Scaf4",224432,"CCDS84260.1"
"CCDS84324.1|Mm108|chr17",1575,1257.71,1,0.0112643,"St6gal2",240119,"CCDS84324.1"
"CCDS84749.1|Mm108|chr4",984,666.709,2,0.0424991,"Psip1",101739,"CCDS84749.1"
"CCDS84878.1|Mm108|chr5",1116,798.709,2.99996,0.0532124,"Ldb2",16826,"CCDS84878.1"
"CCDS84889.1|Mm108|chr5",2565,2247.71,7.04248,0.0443886,"Clock",12753,"CCDS84889.1"
"CCDS85089.1|Mm108|chr6",1392,1074.71,5.90872,0.0778911,"D6Ertd527e",52372,"CCDS85089.1"
"CCDS85105.1|Mm108|chr6",2118,1800.71,50.4928,0.397257,"Foxp1",108655,"CCDS85105.1"
"CCDS85497.1|Mm108|chr8",1137,819.709,3.29511,0.0569503,"Fam155a",270028,"CCDS85497.1"
"CCDS85518.1|Mm108|chr8",1866,1548.71,4.05774,0.0371193,"Nsd3",234135,"CCDS85518.1"
"CCDS85744.1|Mm108|chrX",4080,3762.71,32.3186,0.121685,"Shroom4",208431,"CCDS85744.1"
"CCDS85809.1|Mm108|chrX",5325,5007.71,3,0.00848727,"Frmpd3",245643,"CCDS85809.1"
"CCDS87841.1|Mm108|chr1",345,128.296,4.00734,0.442517,"Crygf",12969,"CCDS87841.1"
"CCDS87895.1|Mm108|chr1",3609,3291.71,3,0.0129118,"BC034090",207792,"CCDS87895.1"
"CCDS88077.1|Mm108|chr10",870,553.61,0.296046,0.00757601,"Gm4301",100043224,"CCDS88077.1"
"CCDS88078.1|Mm108|chr10",870,553.61,0.296046,0.00757601,"Gm4312",100043247,"CCDS88078.1"
"CCDS88833.1|Mm108|chr15",3501,3183.71,0.943572,0.00419882,"Adcy6",11512,"CCDS88833.1"
"CCDS88891.1|Mm108|chr16",1920,1602.71,14.8561,0.131322,"Med15",94112,"CCDS88891.1"
"CCDS88967.1|Mm108|chr16",3555,3237.71,0.599753,0.00262434,"Scaf4",224432,"CCDS88967.1"
"CCDS89018.1|Mm108|chr17",822,505.61,1,0.0280201,"Percc1",102643076,"CCDS89018.1"
"CCDS89308.1|Mm108|chr19",546,236.601,1,0.0598782,"AI837181",107242,"CCDS89308.1"
"CCDS89338.1|Mm108|chr19",2643,2325.71,0.00130606,7.95596e-06,"Incenp",16319,"CCDS89338.1"
"CCDS89387.1|Mm108|chr19",1872,1554.71,1,0.00911248,"Tbc1d12",209478,"CCDS89387.1"
"CCDS89388.1|Mm108|chr19",2055,1737.71,2,0.0163057,"Sorbs1",20411,"CCDS89388.1"
"CCDS89404.1|Mm108|chr19",4941,4623.71,0.501468,0.00153652,"Pprc1",226169,"CCDS89404.1"
"CCDS89586.1|Mm108|chr2",4209,3891.71,13.0138,0.047375,"Ncoa3",17979,"CCDS89586.1"
"CCDS89660.1|Mm108|chr3",4500,4182.71,0.999992,0.00338707,"Dennd4b",229541,"CCDS89660.1"
"CCDS89844.1|Mm108|chr4",2730,2412.71,2,0.0117439,"Srrm1",51796,"CCDS89844.1"
"CCDS89985.1|Mm108|chr5",3900,3582.71,92.5601,0.366014,"Wdr66",269701,"CCDS89985.1"
"CCDS90119.1|Mm108|chr6",1572,1254.71,2,0.0225825,"Zfp384",269800,"CCDS90119.1"
"CCDS90193.1|Mm108|chr7",2253,1935.71,1,0.0073189,"Map4k1",26411,"CCDS90193.1"
"CCDS90417.1|Mm108|chr8",2850,2532.71,1.92012e-08,1.07406e-10,"Cherp",27967,"CCDS90417.1"
"CCDS90590.1|Mm108|chr9",4236,3918.71,3.63178,0.0131299,"Uaca",72565,"CCDS90590.1"
